[ 274600.295] {Default Queue}  -> wl_display#1.get_registry(new id wl_registry#2)
[ 274600.322] {Default Queue}  -> wl_display#1.sync(new id wl_callback#3)
[ 274600.417] {Display Queue} wl_display#1.delete_id(3)
[ 274600.426] {Default Queue} wl_registry#2.global(1, "wl_compositor", 6)
[ 274600.430] {Default Queue}  -> wl_registry#2.bind(1, "wl_compositor", 4, new id [unknown]#4)
[ 274600.433] {Default Queue} wl_registry#2.global(3, "zwp_tablet_manager_v2", 2)
[ 274600.436] {Default Queue} wl_registry#2.global(4, "zwp_keyboard_shortcuts_inhibit_manager_v1", 1)
[ 274600.438] {Default Queue} wl_registry#2.global(5, "zxdg_decoration_manager_v1", 1)
[ 274600.440] {Default Queue} wl_registry#2.global(6, "wp_viewporter", 1)
[ 274600.444] {Default Queue} wl_registry#2.global(7, "wp_security_context_manager_v1", 1)
[ 274600.446] {Default Queue} wl_registry#2.global(8, "wp_fractional_scale_manager_v1", 1)
[ 274600.448] {Default Queue} wl_registry#2.global(9, "wl_shm", 2)
[ 274600.451] {Default Queue}  -> wl_registry#2.bind(9, "wl_shm", 1, new id [unknown]#5)
[ 274600.453] {Default Queue} wl_registry#2.global(10, "wl_seat", 10)
[ 274600.456] {Default Queue}  -> wl_registry#2.bind(10, "wl_seat", 5, new id [unknown]#6)
[ 274600.458] {Default Queue} wl_registry#2.global(11, "zwp_pointer_gestures_v1", 3)
[ 274600.461] {Default Queue} wl_registry#2.global(12, "zwp_pointer_constraints_v1", 1)
[ 274600.463] {Default Queue} wl_registry#2.global(13, "zwp_relative_pointer_manager_v1", 1)
[ 274600.465] {Default Queue} wl_registry#2.global(14, "wl_data_device_manager", 3)
[ 274600.468] {Default Queue} wl_registry#2.global(15, "ext_data_control_manager_v1", 1)
[ 274600.470] {Default Queue} wl_registry#2.global(16, "wp_cursor_shape_manager_v1", 2)
[ 274600.472] {Default Queue} wl_registry#2.global(17, "zwp_primary_selection_device_manager_v1", 1)
[ 274600.474] {Default Queue} wl_registry#2.global(18, "org_kde_kwin_idle", 1)
[ 274600.477] {Default Queue} wl_registry#2.global(19, "zwp_idle_inhibit_manager_v1", 1)
[ 274600.479] {Default Queue} wl_registry#2.global(20, "ext_idle_notifier_v1", 2)
[ 274600.481] {Default Queue} wl_registry#2.global(21, "org_kde_plasma_shell", 8)
[ 274600.484] {Default Queue} wl_registry#2.global(22, "org_kde_kwin_appmenu_manager", 2)
[ 274600.486] {Default Queue} wl_registry#2.global(23, "org_kde_kwin_server_decoration_palette_manager", 1)
[ 274600.488] {Default Queue} wl_registry#2.global(25, "org_kde_plasma_virtual_desktop_management", 3)
[ 274600.490] {Default Queue} wl_registry#2.global(27, "org_kde_kwin_shadow_manager", 2)
[ 274600.493] {Default Queue} wl_registry#2.global(28, "org_kde_kwin_dpms_manager", 1)
[ 274600.495] {Default Queue} wl_registry#2.global(29, "org_kde_kwin_server_decoration_manager", 1)
[ 274600.497] {Default Queue} wl_registry#2.global(30, "kde_output_management_v2", 19)
[ 274600.499] {Default Queue} wl_registry#2.global(31, "zxdg_output_manager_v1", 3)
[ 274600.502] {Default Queue}  -> wl_registry#2.bind(31, "zxdg_output_manager_v1", 1, new id [unknown]#7)
[ 274600.505] {Default Queue} wl_registry#2.global(32, "wl_subcompositor", 1)
[ 274600.507] {Default Queue} wl_registry#2.global(33, "zxdg_exporter_v2", 1)
[ 274600.509] {Default Queue} wl_registry#2.global(34, "zxdg_importer_v2", 1)
[ 274600.511] {Default Queue} wl_registry#2.global(37, "xdg_activation_v1", 1)
[ 274600.514] {Default Queue} wl_registry#2.global(39, "wp_content_type_manager_v1", 1)
[ 274600.516] {Default Queue} wl_registry#2.global(40, "wp_tearing_control_manager_v1", 1)
[ 274600.518] {Default Queue} wl_registry#2.global(41, "xdg_toplevel_drag_manager_v1", 1)
[ 274600.521] {Default Queue} wl_registry#2.global(42, "xdg_toplevel_icon_manager_v1", 1)
[ 274600.523] {Default Queue} wl_registry#2.global(43, "kde_screen_edge_manager_v1", 1)
[ 274600.525] {Default Queue} wl_registry#2.global(44, "frog_color_management_factory_v1", 1)
[ 274600.528] {Default Queue} wl_registry#2.global(45, "wp_presentation", 2)
[ 274600.530] {Default Queue} wl_registry#2.global(46, "wp_color_manager_v1", 1)
[ 274600.533] {Default Queue} wl_registry#2.global(47, "xdg_wm_dialog_v1", 1)
[ 274600.539] {Default Queue} wl_registry#2.global(48, "kde_external_brightness_v1", 3)
[ 274600.543] {Default Queue} wl_registry#2.global(49, "wp_alpha_modifier_v1", 1)
[ 274600.545] {Default Queue} wl_registry#2.global(50, "wl_fixes", 1)
[ 274600.548] {Default Queue} wl_registry#2.global(51, "wp_fifo_manager_v1", 1)
[ 274600.550] {Default Queue} wl_registry#2.global(52, "wp_single_pixel_buffer_manager_v1", 1)
[ 274600.553] {Default Queue} wl_registry#2.global(53, "xdg_toplevel_tag_manager_v1", 1)
[ 274600.555] {Default Queue} wl_registry#2.global(54, "wp_color_representation_manager_v1", 1)
[ 274600.557] {Default Queue} wl_registry#2.global(55, "wp_pointer_warp_v1", 1)
[ 274600.560] {Default Queue} wl_registry#2.global(57, "zwp_linux_dmabuf_v1", 5)
[ 274600.562] {Default Queue} wl_registry#2.global(58, "wp_linux_drm_syncobj_manager_v1", 1)
[ 274600.564] {Default Queue} wl_registry#2.global(60, "xdg_wm_base", 6)
[ 274600.566] {Default Queue} wl_registry#2.global(61, "zwlr_layer_shell_v1", 5)
[ 274600.569] {Default Queue}  -> wl_registry#2.bind(61, "zwlr_layer_shell_v1", 5, new id [unknown]#8)
[ 274600.572] {Default Queue} wl_registry#2.global(62, "org_kde_kwin_keystate", 5)
[ 274600.574] {Default Queue} wl_registry#2.global(63, "kde_output_device_v2", 20)
[ 274600.577] {Default Queue} wl_registry#2.global(64, "kde_output_device_v2", 20)
[ 274600.579] {Default Queue} wl_registry#2.global(65, "wl_output", 4)
[ 274600.587] {Default Queue}  -> wl_registry#2.bind(65, "wl_output", 3, new id [unknown]#9)
[ 274600.590] {Default Queue} wl_registry#2.global(66, "wl_output", 4)
[ 274600.593] {Default Queue}  -> wl_registry#2.bind(66, "wl_output", 3, new id [unknown]#10)
[ 274600.596] {Default Queue} wl_registry#2.global(67, "wp_drm_lease_device_v1", 1)
[ 274600.598] {Default Queue} wl_registry#2.global(68, "kde_output_order_v1", 1)
[ 274600.600] {Default Queue} wl_registry#2.global(69, "zwp_text_input_manager_v1", 1)
[ 274600.603] {Default Queue} wl_registry#2.global(70, "zwp_text_input_manager_v2", 1)
[ 274600.605] {Default Queue} wl_registry#2.global(71, "zwp_text_input_manager_v3", 1)
[ 274600.607] {Default Queue} wl_registry#2.global(73, "org_kde_kwin_blur_manager", 1)
[ 274600.609] {Default Queue} wl_registry#2.global(74, "org_kde_kwin_contrast_manager", 2)
[ 274600.612] {Default Queue} wl_registry#2.global(75, "org_kde_kwin_slide_manager", 1)
[ 274600.614] {Default Queue} wl_registry#2.global(76, "xdg_system_bell_v1", 1)
[ 274600.616] {Default Queue} wl_callback#3.done(33884)
[ 274600.620] {Default Queue}  -> wl_display#1.sync(new id wl_callback#3)
[ 274600.687] {Display Queue} wl_display#1.delete_id(3)
[ 274600.691] {Default Queue} discarded wl_shm#5.format(0)
[ 274600.693] {Default Queue} discarded wl_shm#5.format(1)
[ 274600.695] {Default Queue} discarded wl_shm#5.format(1448434008)
[ 274600.697] {Default Queue} discarded wl_shm#5.format(808669761)
[ 274600.700] {Default Queue} discarded wl_shm#5.format(808669784)
[ 274600.705] {Default Queue} discarded wl_shm#5.format(808665665)
[ 274600.714] {Default Queue} discarded wl_shm#5.format(808665688)
[ 274600.716] {Default Queue} discarded wl_shm#5.format(942948929)
[ 274600.718] {Default Queue} discarded wl_shm#5.format(942948952)
[ 274600.720] {Default Queue} discarded wl_shm#5.format(875710274)
[ 274600.722] {Default Queue} discarded wl_shm#5.format(875710290)
[ 274600.724] {Default Queue} wl_seat#6.name("seat0")
[ 274600.727] {Default Queue} wl_seat#6.capabilities(3)
[ 274600.729] {Default Queue}  -> wl_seat#6.get_keyboard(new id wl_keyboard#11)
[ 274600.732] {Default Queue} wl_output#9.mode(1, 2880, 1800, 90000)
[ 274600.735] {Default Queue} wl_output#9.scale(2)
[ 274600.738] {Default Queue} wl_output#9.geometry(0, 0, 302, 188, 0, "California Institute of Technology", "eDP-1-0x1402", 0)
[ 274600.741] {Default Queue} wl_output#9.done()
[ 274600.743] {Default Queue} wl_output#10.mode(1, 1920, 1080, 120000)
[ 274600.746] {Default Queue} wl_output#10.scale(1)
[ 274600.748] {Default Queue} wl_output#10.geometry(1440, 0, 527, 296, 0, "AOC", "24G10ZE", 0)
[ 274600.753] {Default Queue} wl_output#10.done()
[ 274600.756] {Default Queue} wl_callback#3.done(33884)
[ 274726.448] {Default Queue} wl_keyboard#11.repeat_info(25, 200)
[ 274726.481] {Default Queue} wl_keyboard#11.keymap(1, fd 25, 35453)
[ 276774.585] {Default Queue}  -> wl_compositor#4.create_surface(new id wl_surface#3)
[ 276774.611] {Default Queue}  -> zwlr_layer_shell_v1#8.get_layer_surface(new id zwlr_layer_surface_v1#12, wl_surface#3, nil, 3, "showkeys")
[ 276774.618] {Default Queue}  -> zwlr_layer_surface_v1#12.set_keyboard_interactivity(0)
[ 276774.621] {Default Queue}  -> zwlr_layer_surface_v1#12.set_size(1, 1)
[ 276774.623] {Default Queue}  -> zwlr_layer_surface_v1#12.set_anchor(10)
[ 276774.626] {Default Queue}  -> zwlr_layer_surface_v1#12.set_margin(32, 32, 32, 32)
[ 276774.628] {Default Queue}  -> zwlr_layer_surface_v1#12.set_exclusive_zone(-1)
[ 276774.631] {Default Queue}  -> wl_surface#3.commit()
[ 276775.035] {Default Queue} zwlr_layer_surface_v1#12.configure(33896, 1, 1)
[ 276775.051] {Default Queue}  -> zwlr_layer_surface_v1#12.ack_configure(33896)
[ 276789.750] {Default Queue}  -> zwlr_layer_surface_v1#12.set_size(304, 56)
[ 276789.788] {Default Queue}  -> wl_surface#3.commit()
[ 276789.878] {Default Queue} zwlr_layer_surface_v1#12.configure(33898, 304, 56)
[ 276789.883] {Default Queue}  -> zwlr_layer_surface_v1#12.ack_configure(33898)
[ 276789.984] {Default Queue}  -> wl_shm#5.create_pool(new id wl_shm_pool#13, fd 26, 68096)
[ 276789.992] {Default Queue}  -> wl_shm_pool#13.create_buffer(new id wl_buffer#14, 0, 304, 56, 1216, 0)
[ 276789.996] {Default Queue}  -> wl_shm_pool#13.destroy()
[ 276790.481] {Default Queue}  -> wl_surface#3.set_buffer_scale(1)
[ 276790.497] {Default Queue}  -> wl_surface#3.attach(wl_buffer#14, 0, 0)
[ 276790.500] {Default Queue}  -> wl_surface#3.damage_buffer(0, 0, 304, 56)
[ 276790.504] {Default Queue}  -> wl_surface#3.frame(new id wl_callback#15)
[ 276790.507] {Default Queue}  -> wl_surface#3.commit()
[ 276792.064] {Display Queue} wl_display#1.delete_id(13)
[ 276792.108] {Display Queue} wl_display#1.delete_id(15)
[ 276792.113] {Default Queue} wl_surface#3.enter(wl_output#10)
[ 276792.120] {Default Queue} wl_callback#15.done(28829620)
[ 276792.437] {Default Queue}  -> wl_shm#5.create_pool(new id wl_shm_pool#13, fd 26, 68096)
[ 276792.459] {Default Queue}  -> wl_shm_pool#13.create_buffer(new id wl_buffer#16, 0, 304, 56, 1216, 0)
[ 276792.464] {Default Queue}  -> wl_shm_pool#13.destroy()
[ 276792.962] {Default Queue}  -> wl_surface#3.set_buffer_scale(1)
[ 276792.991] {Default Queue}  -> wl_surface#3.attach(wl_buffer#16, 0, 0)
[ 276792.999] {Default Queue}  -> wl_surface#3.damage_buffer(0, 0, 304, 56)
[ 276793.008] {Default Queue}  -> wl_surface#3.frame(new id wl_callback#17)
[ 276793.015] {Default Queue}  -> wl_surface#3.commit()
[ 276793.169] {Display Queue} wl_display#1.delete_id(13)
[ 276793.181] {Default Queue} wl_buffer#14.release()
[ 276800.244] {Display Queue} wl_display#1.delete_id(17)
[ 276800.284] {Default Queue} wl_callback#17.done(28829629)
[ 276807.136] {Default Queue}  -> wl_surface#3.set_buffer_scale(1)
[ 276807.166] {Default Queue}  -> wl_surface#3.attach(wl_buffer#14, 0, 0)
[ 276807.172] {Default Queue}  -> wl_surface#3.damage_buffer(0, 0, 304, 56)
[ 276807.177] {Default Queue}  -> wl_surface#3.frame(new id wl_callback#13)
[ 276807.181] {Default Queue}  -> wl_surface#3.commit()
[ 276807.259] {Default Queue} wl_buffer#16.release()
[ 276808.908] {Display Queue} wl_display#1.delete_id(13)
[ 276808.938] {Default Queue} wl_callback#13.done(28829637)
[ 276823.851] {Default Queue}  -> wl_surface#3.set_buffer_scale(1)
[ 276823.881] {Default Queue}  -> wl_surface#3.attach(wl_buffer#16, 0, 0)
[ 276823.885] {Default Queue}  -> wl_surface#3.damage_buffer(0, 0, 304, 56)
[ 276823.889] {Default Queue}  -> wl_surface#3.frame(new id wl_callback#18)
[ 276823.892] {Default Queue}  -> wl_surface#3.commit()
[ 276823.969] {Default Queue} wl_buffer#14.release()
[ 276831.013] {Display Queue} wl_display#1.delete_id(18)
[ 276831.046] {Default Queue} wl_callback#18.done(28829654)
[ 276840.503] {Default Queue}  -> wl_surface#3.set_buffer_scale(1)
[ 276840.553] {Default Queue}  -> wl_surface#3.attach(wl_buffer#14, 0, 0)
[ 276840.559] {Default Queue}  -> wl_surface#3.damage_buffer(0, 0, 304, 56)
[ 276840.565] {Default Queue}  -> wl_surface#3.frame(new id wl_callback#19)
[ 276840.569] {Default Queue}  -> wl_surface#3.commit()
[ 276840.640] {Default Queue} wl_buffer#16.release()
[ 276841.985] {Display Queue} wl_display#1.delete_id(19)
[ 276842.010] {Default Queue} wl_callback#19.done(28829670)
[ 276857.083] {Default Queue}  -> wl_surface#3.set_buffer_scale(1)
[ 276857.127] {Default Queue}  -> wl_surface#3.attach(wl_buffer#16, 0, 0)
[ 276857.133] {Default Queue}  -> wl_surface#3.damage_buffer(0, 0, 304, 56)
[ 276857.137] {Default Queue}  -> wl_surface#3.frame(new id wl_callback#20)
[ 276857.140] {Default Queue}  -> wl_surface#3.commit()
[ 276857.255] {Default Queue} wl_buffer#14.release()
[ 276858.917] {Display Queue} wl_display#1.delete_id(20)
[ 276858.939] {Default Queue} wl_callback#20.done(28829687)
[ 276873.914] {Default Queue}  -> wl_surface#3.set_buffer_scale(1)
[ 276873.953] {Default Queue}  -> wl_surface#3.attach(wl_buffer#14, 0, 0)
[ 276873.960] {Default Queue}  -> wl_surface#3.damage_buffer(0, 0, 304, 56)
[ 276873.966] {Default Queue}  -> wl_surface#3.frame(new id wl_callback#21)
[ 276873.971] {Default Queue}  -> wl_surface#3.commit()
[ 276874.120] {Default Queue} wl_buffer#16.release()
[ 276876.043] {Display Queue} wl_display#1.delete_id(21)
[ 276876.072] {Default Queue} wl_callback#21.done(28829704)
[ 276890.745] {Default Queue}  -> wl_surface#3.set_buffer_scale(1)
[ 276890.786] {Default Queue}  -> wl_surface#3.attach(wl_buffer#16, 0, 0)
[ 276890.798] {Default Queue}  -> wl_surface#3.damage_buffer(0, 0, 304, 56)
[ 276890.808] {Default Queue}  -> wl_surface#3.frame(new id wl_callback#22)
[ 276890.816] {Default Queue}  -> wl_surface#3.commit()
[ 276890.987] {Default Queue} wl_buffer#14.release()
[ 276892.586] {Display Queue} wl_display#1.delete_id(22)
[ 276892.619] {Default Queue} wl_callback#22.done(28829720)
[ 276907.736] {Default Queue}  -> wl_surface#3.set_buffer_scale(1)
[ 276907.778] {Default Queue}  -> wl_surface#3.attach(wl_buffer#14, 0, 0)
[ 276907.788] {Default Queue}  -> wl_surface#3.damage_buffer(0, 0, 304, 56)
[ 276907.796] {Default Queue}  -> wl_surface#3.frame(new id wl_callback#23)
[ 276907.803] {Default Queue}  -> wl_surface#3.commit()
[ 276909.899] {Default Queue} wl_buffer#16.release()
[ 276917.518] {Display Queue} wl_display#1.delete_id(23)
[ 276917.572] {Default Queue} wl_callback#23.done(28829745)
[ 276924.705] {Default Queue}  -> wl_surface#3.set_buffer_scale(1)
[ 276924.760] {Default Queue}  -> wl_surface#3.attach(wl_buffer#16, 0, 0)
[ 276924.770] {Default Queue}  -> wl_surface#3.damage_buffer(0, 0, 304, 56)
[ 276924.779] {Default Queue}  -> wl_surface#3.frame(new id wl_callback#24)
[ 276924.787] {Default Queue}  -> wl_surface#3.commit()
[ 276926.021] {Default Queue} wl_buffer#14.release()
[ 276933.214] {Display Queue} wl_display#1.delete_id(24)
[ 276933.267] {Default Queue} wl_callback#24.done(28829762)
[ 276941.858] {Default Queue}  -> wl_surface#3.set_buffer_scale(1)
[ 276941.911] {Default Queue}  -> wl_surface#3.attach(wl_buffer#14, 0, 0)
[ 276941.924] {Default Queue}  -> wl_surface#3.damage_buffer(0, 0, 304, 56)
[ 276941.934] {Default Queue}  -> wl_surface#3.frame(new id wl_callback#25)
[ 276941.943] {Default Queue}  -> wl_surface#3.commit()
[ 276943.385] {Default Queue} wl_buffer#16.release()
[ 276950.498] {Display Queue} wl_display#1.delete_id(25)
[ 276950.559] {Default Queue} wl_callback#25.done(28829779)
[ 276958.538] {Default Queue}  -> wl_surface#3.set_buffer_scale(1)
[ 276958.583] {Default Queue}  -> wl_surface#3.attach(wl_buffer#16, 0, 0)
[ 276958.590] {Default Queue}  -> wl_surface#3.damage_buffer(0, 0, 304, 56)
[ 276958.596] {Default Queue}  -> wl_surface#3.frame(new id wl_callback#26)
[ 276958.602] {Default Queue}  -> wl_surface#3.commit()
[ 276959.137] {Default Queue} wl_buffer#14.release()
[ 276966.720] {Display Queue} wl_display#1.delete_id(26)
[ 276966.764] {Default Queue} wl_callback#26.done(28829795)
[ 277255.110] {Default Queue}  -> wl_surface#3.set_buffer_scale(1)
[ 277255.138] {Default Queue}  -> wl_surface#3.attach(wl_buffer#14, 0, 0)
[ 277255.144] {Default Queue}  -> wl_surface#3.damage_buffer(0, 0, 304, 56)
[ 277255.147] {Default Queue}  -> wl_surface#3.frame(new id wl_callback#27)
[ 277255.150] {Default Queue}  -> wl_surface#3.commit()
[ 277255.209] {Default Queue} wl_buffer#16.release()
[ 277258.927] {Display Queue} wl_display#1.delete_id(27)
[ 277258.956] {Default Queue} wl_callback#27.done(28830087)
[ 277271.792] {Default Queue}  -> wl_surface#3.set_buffer_scale(1)
[ 277271.822] {Default Queue}  -> wl_surface#3.attach(wl_buffer#16, 0, 0)
[ 277271.826] {Default Queue}  -> wl_surface#3.damage_buffer(0, 0, 304, 56)
[ 277271.829] {Default Queue}  -> wl_surface#3.frame(new id wl_callback#28)
[ 277271.832] {Default Queue}  -> wl_surface#3.commit()
[ 277271.896] {Default Queue} wl_buffer#14.release()
[ 277274.838] {Display Queue} wl_display#1.delete_id(28)
[ 277274.858] {Default Queue} wl_callback#28.done(28830104)
[ 277284.478] {Default Queue}  -> wl_surface#3.set_buffer_scale(1)
[ 277284.513] {Default Queue}  -> wl_surface#3.attach(wl_buffer#14, 0, 0)
[ 277284.517] {Default Queue}  -> wl_surface#3.damage_buffer(0, 0, 304, 56)
[ 277284.520] {Default Queue}  -> wl_surface#3.frame(new id wl_callback#29)
[ 277284.523] {Default Queue}  -> wl_surface#3.commit()
[ 277285.215] {Display Queue} wl_display#1.delete_id(29)
[ 277285.240] {Default Queue} wl_buffer#16.release()
[ 277285.243] {Default Queue} wl_callback#29.done(28830112)
[ 277301.230] {Default Queue}  -> wl_surface#3.set_buffer_scale(1)
[ 277301.262] {Default Queue}  -> wl_surface#3.attach(wl_buffer#16, 0, 0)
[ 277301.266] {Default Queue}  -> wl_surface#3.damage_buffer(0, 0, 304, 56)
[ 277301.270] {Default Queue}  -> wl_surface#3.frame(new id wl_callback#30)
[ 277301.273] {Default Queue}  -> wl_surface#3.commit()
[ 277301.385] {Default Queue} wl_buffer#14.release()
[ 277308.230] {Display Queue} wl_display#1.delete_id(30)
[ 277308.255] {Default Queue} wl_callback#30.done(28830137)
[ 277314.481] {Default Queue}  -> wl_surface#3.set_buffer_scale(1)
[ 277314.508] {Default Queue}  -> wl_surface#3.attach(wl_buffer#14, 0, 0)
[ 277314.521] {Default Queue}  -> wl_surface#3.damage_buffer(0, 0, 304, 56)
[ 277314.525] {Default Queue}  -> wl_surface#3.frame(new id wl_callback#31)
[ 277314.528] {Default Queue}  -> wl_surface#3.commit()
[ 277314.657] {Default Queue} wl_buffer#16.release()
[ 277316.716] {Display Queue} wl_display#1.delete_id(31)
[ 277316.736] {Default Queue} wl_callback#31.done(28830145)
[ 277332.726] {Default Queue}  -> wl_surface#3.set_buffer_scale(1)
[ 277332.770] {Default Queue}  -> wl_surface#3.attach(wl_buffer#16, 0, 0)
[ 277332.781] {Default Queue}  -> wl_surface#3.damage_buffer(0, 0, 304, 56)
[ 277332.791] {Default Queue}  -> wl_surface#3.frame(new id wl_callback#32)
[ 277332.799] {Default Queue}  -> wl_surface#3.commit()
[ 277333.355] {Default Queue} wl_buffer#14.release()
[ 277342.294] {Display Queue} wl_display#1.delete_id(32)
[ 277342.341] {Default Queue} wl_callback#32.done(28830170)
[ 277345.770] {Default Queue}  -> wl_surface#3.set_buffer_scale(1)
[ 277345.810] {Default Queue}  -> wl_surface#3.attach(wl_buffer#14, 0, 0)
[ 277345.819] {Default Queue}  -> wl_surface#3.damage_buffer(0, 0, 304, 56)
[ 277345.828] {Default Queue}  -> wl_surface#3.frame(new id wl_callback#33)
[ 277345.834] {Default Queue}  -> wl_surface#3.commit()
[ 277346.084] {Default Queue} wl_buffer#16.release()
[ 277350.382] {Display Queue} wl_display#1.delete_id(33)
[ 277350.442] {Default Queue} wl_callback#33.done(28830179)
[ 277356.352] {Default Queue}  -> wl_surface#3.set_buffer_scale(1)
[ 277356.403] {Default Queue}  -> wl_surface#3.attach(wl_buffer#16, 0, 0)
[ 277356.431] {Default Queue}  -> wl_surface#3.damage_buffer(0, 0, 304, 56)
[ 277356.446] {Default Queue}  -> wl_surface#3.frame(new id wl_callback#34)
[ 277356.456] {Default Queue}  -> wl_surface#3.commit()
[ 277356.680] {Default Queue} wl_buffer#14.release()
[ 277359.138] {Display Queue} wl_display#1.delete_id(34)
[ 277359.197] {Default Queue} wl_callback#34.done(28830187)
[ 277375.387] {Default Queue}  -> wl_surface#3.set_buffer_scale(1)
[ 277375.468] {Default Queue}  -> wl_surface#3.attach(wl_buffer#14, 0, 0)
[ 277375.491] {Default Queue}  -> wl_surface#3.damage_buffer(0, 0, 304, 56)
[ 277375.506] {Default Queue}  -> wl_surface#3.frame(new id wl_callback#35)
[ 277375.518] {Default Queue}  -> wl_surface#3.commit()
[ 277376.805] {Display Queue} wl_display#1.delete_id(35)
[ 277376.868] {Default Queue} wl_buffer#16.release()
[ 277376.881] {Default Queue} wl_callback#35.done(28830204)
[ 277379.771] {Default Queue}  -> wl_surface#3.set_buffer_scale(1)
[ 277379.809] {Default Queue}  -> wl_surface#3.attach(wl_buffer#16, 0, 0)
[ 277379.818] {Default Queue}  -> wl_surface#3.damage_buffer(0, 0, 304, 56)
[ 277379.826] {Default Queue}  -> wl_surface#3.frame(new id wl_callback#36)
[ 277379.833] {Default Queue}  -> wl_surface#3.commit()
[ 277379.988] {Default Queue} wl_buffer#14.release()
[ 277383.614] {Display Queue} wl_display#1.delete_id(36)
[ 277383.648] {Default Queue} wl_callback#36.done(28830212)
[ 277394.494] {Default Queue}  -> wl_surface#3.set_buffer_scale(1)
[ 277394.534] {Default Queue}  -> wl_surface#3.attach(wl_buffer#14, 0, 0)
[ 277394.542] {Default Queue}  -> wl_surface#3.damage_buffer(0, 0, 304, 56)
[ 277394.549] {Default Queue}  -> wl_surface#3.frame(new id wl_callback#37)
[ 277394.555] {Default Queue}  -> wl_surface#3.commit()
[ 277394.766] {Default Queue} wl_buffer#16.release()
[ 277400.353] {Display Queue} wl_display#1.delete_id(37)
[ 277400.396] {Default Queue} wl_callback#37.done(28830229)
[ 277416.100] {Default Queue}  -> wl_surface#3.set_buffer_scale(1)
[ 277416.142] {Default Queue}  -> wl_surface#3.attach(wl_buffer#16, 0, 0)
[ 277416.149] {Default Queue}  -> wl_surface#3.damage_buffer(0, 0, 304, 56)
[ 277416.155] {Default Queue}  -> wl_surface#3.frame(new id wl_callback#38)
[ 277416.160] {Default Queue}  -> wl_surface#3.commit()
[ 277417.455] {Display Queue} wl_display#1.delete_id(38)
[ 277417.492] {Default Queue} wl_buffer#14.release()
[ 277417.498] {Default Queue} wl_callback#38.done(28830245)
[ 277423.054] {Default Queue}  -> wl_surface#3.set_buffer_scale(1)
[ 277423.097] {Default Queue}  -> wl_surface#3.attach(wl_buffer#14, 0, 0)
[ 277423.104] {Default Queue}  -> wl_surface#3.damage_buffer(0, 0, 304, 56)
[ 277423.110] {Default Queue}  -> wl_surface#3.frame(new id wl_callback#39)
[ 277423.115] {Default Queue}  -> wl_surface#3.commit()
[ 277423.313] {Default Queue} wl_buffer#16.release()
[ 277428.234] {Display Queue} wl_display#1.delete_id(39)
[ 277428.274] {Default Queue} wl_callback#39.done(28830254)
[ 277440.265] {Default Queue}  -> wl_surface#3.set_buffer_scale(1)
[ 277440.294] {Default Queue}  -> wl_surface#3.attach(wl_buffer#16, 0, 0)
[ 277440.298] {Default Queue}  -> wl_surface#3.damage_buffer(0, 0, 304, 56)
[ 277440.302] {Default Queue}  -> wl_surface#3.frame(new id wl_callback#40)
[ 277440.305] {Default Queue}  -> wl_surface#3.commit()
[ 277440.400] {Default Queue} wl_buffer#14.release()
[ 277442.703] {Display Queue} wl_display#1.delete_id(40)
[ 277442.757] {Default Queue} wl_callback#40.done(28830270)
[ 277457.350] {Default Queue}  -> wl_surface#3.set_buffer_scale(1)
[ 277457.383] {Default Queue}  -> wl_surface#3.attach(wl_buffer#14, 0, 0)
[ 277457.388] {Default Queue}  -> wl_surface#3.damage_buffer(0, 0, 304, 56)
[ 277457.391] {Default Queue}  -> wl_surface#3.frame(new id wl_callback#41)
[ 277457.394] {Default Queue}  -> wl_surface#3.commit()
[ 277458.143] {Display Queue} wl_display#1.delete_id(41)
[ 277458.179] {Default Queue} wl_buffer#16.release()
[ 277458.183] {Default Queue} wl_callback#41.done(28830287)
[ 277474.581] {Default Queue}  -> wl_surface#3.set_buffer_scale(1)
[ 277474.615] {Default Queue}  -> wl_surface#3.attach(wl_buffer#16, 0, 0)
[ 277474.620] {Default Queue}  -> wl_surface#3.damage_buffer(0, 0, 304, 56)
[ 277474.623] {Default Queue}  -> wl_surface#3.frame(new id wl_callback#42)
[ 277474.626] {Default Queue}  -> wl_surface#3.commit()
[ 277475.606] {Display Queue} wl_display#1.delete_id(42)
[ 277475.629] {Default Queue} wl_buffer#14.release()
[ 277475.632] {Default Queue} wl_callback#42.done(28830304)
[ 277491.627] {Default Queue}  -> wl_surface#3.set_buffer_scale(1)
[ 277491.657] {Default Queue}  -> wl_surface#3.attach(wl_buffer#14, 0, 0)
[ 277491.661] {Default Queue}  -> wl_surface#3.damage_buffer(0, 0, 304, 56)
[ 277491.665] {Default Queue}  -> wl_surface#3.frame(new id wl_callback#43)
[ 277491.668] {Default Queue}  -> wl_surface#3.commit()
[ 277492.700] {Display Queue} wl_display#1.delete_id(43)
[ 277492.720] {Default Queue} wl_buffer#16.release()
[ 277492.724] {Default Queue} wl_callback#43.done(28830320)
[ 277508.687] {Default Queue}  -> wl_surface#3.set_buffer_scale(1)
[ 277508.727] {Default Queue}  -> wl_surface#3.attach(wl_buffer#16, 0, 0)
[ 277508.732] {Default Queue}  -> wl_surface#3.damage_buffer(0, 0, 304, 56)
[ 277508.736] {Default Queue}  -> wl_surface#3.frame(new id wl_callback#44)
[ 277508.739] {Default Queue}  -> wl_surface#3.commit()
[ 277508.833] {Default Queue} wl_buffer#14.release()
[ 277516.807] {Display Queue} wl_display#1.delete_id(44)
[ 277516.842] {Default Queue} wl_callback#44.done(28830345)
[ 277525.792] {Default Queue}  -> wl_surface#3.set_buffer_scale(1)
[ 277525.819] {Default Queue}  -> wl_surface#3.attach(wl_buffer#14, 0, 0)
[ 277525.823] {Default Queue}  -> wl_surface#3.damage_buffer(0, 0, 304, 56)
[ 277525.827] {Default Queue}  -> wl_surface#3.frame(new id wl_callback#45)
[ 277525.830] {Default Queue}  -> wl_surface#3.commit()
[ 277525.932] {Default Queue} wl_buffer#16.release()
[ 277533.432] {Display Queue} wl_display#1.delete_id(45)
[ 277533.451] {Default Queue} wl_callback#45.done(28830362)
[ 277544.016] {Default Queue}  -> wl_surface#3.set_buffer_scale(1)
[ 277544.061] {Default Queue}  -> wl_surface#3.attach(wl_buffer#16, 0, 0)
[ 277544.072] {Default Queue}  -> wl_surface#3.damage_buffer(0, 0, 304, 56)
[ 277544.080] {Default Queue}  -> wl_surface#3.frame(new id wl_callback#46)
[ 277544.088] {Default Queue}  -> wl_surface#3.commit()
[ 277544.201] {Default Queue} wl_buffer#14.release()
[ 277550.272] {Display Queue} wl_display#1.delete_id(46)
[ 277550.313] {Default Queue} wl_callback#46.done(28830379)
[ 277562.737] {Default Queue}  -> wl_surface#3.set_buffer_scale(1)
[ 277562.790] {Default Queue}  -> wl_surface#3.attach(wl_buffer#14, 0, 0)
[ 277562.801] {Default Queue}  -> wl_surface#3.damage_buffer(0, 0, 304, 56)
[ 277562.809] {Default Queue}  -> wl_surface#3.frame(new id wl_callback#47)
[ 277562.817] {Default Queue}  -> wl_surface#3.commit()
[ 277564.025] {Display Queue} wl_display#1.delete_id(47)
[ 277564.085] {Default Queue} wl_buffer#16.release()
[ 277564.094] {Default Queue} wl_callback#47.done(28830387)
[ 277581.813] {Default Queue}  -> wl_surface#3.set_buffer_scale(1)
[ 277581.860] {Default Queue}  -> wl_surface#3.attach(wl_buffer#16, 0, 0)
[ 277581.871] {Default Queue}  -> wl_surface#3.damage_buffer(0, 0, 304, 56)
[ 277581.881] {Default Queue}  -> wl_surface#3.frame(new id wl_callback#48)
[ 277581.890] {Default Queue}  -> wl_surface#3.commit()
[ 277583.128] {Display Queue} wl_display#1.delete_id(48)
[ 277583.172] {Default Queue} wl_buffer#14.release()
[ 277583.180] {Default Queue} wl_callback#48.done(28830412)
[ 277601.131] {Default Queue}  -> wl_surface#3.set_buffer_scale(1)
[ 277601.181] {Default Queue}  -> wl_surface#3.attach(wl_buffer#14, 0, 0)
[ 277601.187] {Default Queue}  -> wl_surface#3.damage_buffer(0, 0, 304, 56)
[ 277601.193] {Default Queue}  -> wl_surface#3.frame(new id wl_callback#49)
[ 277601.198] {Default Queue}  -> wl_surface#3.commit()
[ 277602.086] {Display Queue} wl_display#1.delete_id(49)
[ 277602.114] {Default Queue} wl_buffer#16.release()
[ 277602.118] {Default Queue} wl_callback#49.done(28830429)
[ 277618.127] {Default Queue}  -> wl_surface#3.set_buffer_scale(1)
[ 277618.157] {Default Queue}  -> wl_surface#3.attach(wl_buffer#16, 0, 0)
[ 277618.162] {Default Queue}  -> wl_surface#3.damage_buffer(0, 0, 304, 56)
[ 277618.165] {Default Queue}  -> wl_surface#3.frame(new id wl_callback#50)
[ 277618.175] {Default Queue}  -> wl_surface#3.commit()
[ 277618.299] {Default Queue} wl_buffer#14.release()
[ 277625.296] {Display Queue} wl_display#1.delete_id(50)
[ 277625.321] {Default Queue} wl_callback#50.done(28830454)
[ 277809.408] {Default Queue}  -> wl_surface#3.set_buffer_scale(1)
[ 277809.445] {Default Queue}  -> wl_surface#3.attach(wl_buffer#14, 0, 0)
[ 277809.450] {Default Queue}  -> wl_surface#3.damage_buffer(0, 0, 304, 56)
[ 277809.453] {Default Queue}  -> wl_surface#3.frame(new id wl_callback#51)
[ 277809.457] {Default Queue}  -> wl_surface#3.commit()
[ 277809.556] {Default Queue} wl_buffer#16.release()
[ 277816.494] {Display Queue} wl_display#1.delete_id(51)
[ 277816.523] {Default Queue} wl_callback#51.done(28830645)
[ 277824.397] {Default Queue}  -> wl_surface#3.set_buffer_scale(1)
[ 277824.441] {Default Queue}  -> wl_surface#3.attach(wl_buffer#16, 0, 0)
[ 277824.446] {Default Queue}  -> wl_surface#3.damage_buffer(0, 0, 304, 56)
[ 277824.450] {Default Queue}  -> wl_surface#3.frame(new id wl_callback#52)
[ 277824.453] {Default Queue}  -> wl_surface#3.commit()
[ 277825.061] {Display Queue} wl_display#1.delete_id(52)
[ 277825.072] {Default Queue} wl_buffer#14.release()
[ 277825.075] {Default Queue} wl_callback#52.done(28830654)
[ 277841.330] {Default Queue}  -> wl_surface#3.set_buffer_scale(1)
[ 277841.355] {Default Queue}  -> wl_surface#3.attach(wl_buffer#14, 0, 0)
[ 277841.359] {Default Queue}  -> wl_surface#3.damage_buffer(0, 0, 304, 56)
[ 277841.363] {Default Queue}  -> wl_surface#3.frame(new id wl_callback#53)
[ 277841.366] {Default Queue}  -> wl_surface#3.commit()
[ 277841.520] {Default Queue} wl_buffer#16.release()
[ 277850.141] {Display Queue} wl_display#1.delete_id(53)
[ 277850.176] {Default Queue} wl_callback#53.done(28830679)
[ 277851.053] {Default Queue}  -> wl_surface#3.set_buffer_scale(1)
[ 277851.069] {Default Queue}  -> wl_surface#3.attach(wl_buffer#16, 0, 0)
[ 277851.073] {Default Queue}  -> wl_surface#3.damage_buffer(0, 0, 304, 56)
[ 277851.077] {Default Queue}  -> wl_surface#3.frame(new id wl_callback#54)
[ 277851.080] {Default Queue}  -> wl_surface#3.commit()
[ 277851.179] {Default Queue} wl_buffer#14.release()
[ 277858.645] {Display Queue} wl_display#1.delete_id(54)
[ 277858.675] {Default Queue} wl_callback#54.done(28830687)
[ 277863.512] {Default Queue}  -> wl_surface#3.set_buffer_scale(1)
[ 277863.528] {Default Queue}  -> wl_surface#3.attach(wl_buffer#14, 0, 0)
[ 277863.532] {Default Queue}  -> wl_surface#3.damage_buffer(0, 0, 304, 56)
[ 277863.536] {Default Queue}  -> wl_surface#3.frame(new id wl_callback#55)
[ 277863.539] {Default Queue}  -> wl_surface#3.commit()
[ 277863.634] {Default Queue} wl_buffer#16.release()
[ 277866.710] {Display Queue} wl_display#1.delete_id(55)
[ 277866.741] {Default Queue} wl_callback#55.done(28830695)
[ 277867.465] {Default Queue}  -> wl_surface#3.set_buffer_scale(1)
[ 277867.476] {Default Queue}  -> wl_surface#3.attach(wl_buffer#16, 0, 0)
[ 277867.479] {Default Queue}  -> wl_surface#3.damage_buffer(0, 0, 304, 56)
[ 277867.483] {Default Queue}  -> wl_surface#3.frame(new id wl_callback#56)
[ 277867.485] {Default Queue}  -> wl_surface#3.commit()
[ 277867.524] {Default Queue} wl_buffer#14.release()
[ 277873.869] {Display Queue} wl_display#1.delete_id(56)
[ 277873.890] {Default Queue} wl_callback#56.done(28830704)
[ 277877.576] {Default Queue}  -> wl_surface#3.set_buffer_scale(1)
[ 277877.596] {Default Queue}  -> wl_surface#3.attach(wl_buffer#14, 0, 0)
[ 277877.600] {Default Queue}  -> wl_surface#3.damage_buffer(0, 0, 304, 56)
[ 277877.603] {Default Queue}  -> wl_surface#3.frame(new id wl_callback#57)
[ 277877.606] {Default Queue}  -> wl_surface#3.commit()
[ 277878.278] {Default Queue} wl_buffer#16.release()
[ 277882.096] {Display Queue} wl_display#1.delete_id(57)
[ 277882.127] {Default Queue} wl_callback#57.done(28830712)
[ 277895.768] {Default Queue}  -> wl_surface#3.set_buffer_scale(1)
[ 277895.817] {Default Queue}  -> wl_surface#3.attach(wl_buffer#16, 0, 0)
[ 277895.828] {Default Queue}  -> wl_surface#3.damage_buffer(0, 0, 304, 56)
[ 277895.836] {Default Queue}  -> wl_surface#3.frame(new id wl_callback#58)
[ 277895.857] {Default Queue}  -> wl_surface#3.commit()
[ 277896.122] {Default Queue} wl_buffer#14.release()
[ 277899.369] {Display Queue} wl_display#1.delete_id(58)
[ 277899.412] {Default Queue} wl_callback#58.done(28830729)
[ 277908.896] {Default Queue}  -> wl_surface#3.set_buffer_scale(1)
[ 277908.936] {Default Queue}  -> wl_surface#3.attach(wl_buffer#14, 0, 0)
[ 277908.947] {Default Queue}  -> wl_surface#3.damage_buffer(0, 0, 304, 56)
[ 277908.956] {Default Queue}  -> wl_surface#3.frame(new id wl_callback#59)
[ 277908.964] {Default Queue}  -> wl_surface#3.commit()
[ 277909.217] {Default Queue} wl_buffer#16.release()
[ 277916.214] {Display Queue} wl_display#1.delete_id(59)
[ 277916.286] {Default Queue} wl_callback#59.done(28830745)
[ 277925.901] {Default Queue}  -> wl_surface#3.set_buffer_scale(1)
[ 277925.932] {Default Queue}  -> wl_surface#3.attach(wl_buffer#16, 0, 0)
[ 277925.936] {Default Queue}  -> wl_surface#3.damage_buffer(0, 0, 304, 56)
[ 277925.939] {Default Queue}  -> wl_surface#3.frame(new id wl_callback#60)
[ 277925.942] {Default Queue}  -> wl_surface#3.commit()
[ 277926.059] {Default Queue} wl_buffer#14.release()
[ 277932.057] {Display Queue} wl_display#1.delete_id(60)
[ 277932.072] {Default Queue} wl_callback#60.done(28830762)
[ 277944.231] {Default Queue}  -> wl_surface#3.set_buffer_scale(1)
[ 277944.271] {Default Queue}  -> wl_surface#3.attach(wl_buffer#14, 0, 0)
[ 277944.280] {Default Queue}  -> wl_surface#3.damage_buffer(0, 0, 304, 56)
[ 277944.288] {Default Queue}  -> wl_surface#3.frame(new id wl_callback#61)
[ 277944.295] {Default Queue}  -> wl_surface#3.commit()
[ 277944.974] {Default Queue} wl_buffer#16.release()
[ 277948.750] {Display Queue} wl_display#1.delete_id(61)
[ 277948.771] {Default Queue} wl_callback#61.done(28830779)
[ 277959.671] {Default Queue}  -> wl_surface#3.set_buffer_scale(1)
[ 277959.697] {Default Queue}  -> wl_surface#3.attach(wl_buffer#16, 0, 0)
[ 277959.701] {Default Queue}  -> wl_surface#3.damage_buffer(0, 0, 304, 56)
[ 277959.705] {Default Queue}  -> wl_surface#3.frame(new id wl_callback#62)
[ 277959.707] {Default Queue}  -> wl_surface#3.commit()
[ 277959.906] {Default Queue} wl_buffer#14.release()
[ 277965.469] {Display Queue} wl_display#1.delete_id(62)
[ 277965.506] {Default Queue} wl_callback#62.done(28830795)
[ 277979.680] {Default Queue}  -> wl_surface#3.set_buffer_scale(1)
[ 277979.728] {Default Queue}  -> wl_surface#3.attach(wl_buffer#14, 0, 0)
[ 277979.739] {Default Queue}  -> wl_surface#3.damage_buffer(0, 0, 304, 56)
[ 277979.748] {Default Queue}  -> wl_surface#3.frame(new id wl_callback#63)
[ 277979.756] {Default Queue}  -> wl_surface#3.commit()
[ 277979.877] {Default Queue} wl_buffer#16.release()
[ 277982.048] {Display Queue} wl_display#1.delete_id(63)
[ 277982.073] {Default Queue} wl_callback#63.done(28830812)
[ 277996.833] {Default Queue}  -> wl_surface#3.set_buffer_scale(1)
[ 277996.859] {Default Queue}  -> wl_surface#3.attach(wl_buffer#16, 0, 0)
[ 277996.863] {Default Queue}  -> wl_surface#3.damage_buffer(0, 0, 304, 56)
[ 277996.867] {Default Queue}  -> wl_surface#3.frame(new id wl_callback#64)
[ 277996.870] {Default Queue}  -> wl_surface#3.commit()
[ 277997.061] {Default Queue} wl_buffer#14.release()
[ 277998.730] {Display Queue} wl_display#1.delete_id(64)
[ 277998.745] {Default Queue} wl_callback#64.done(28830820)
[ 278014.709] {Default Queue}  -> wl_surface#3.set_buffer_scale(1)
[ 278014.733] {Default Queue}  -> wl_surface#3.attach(wl_buffer#14, 0, 0)
[ 278014.737] {Default Queue}  -> wl_surface#3.damage_buffer(0, 0, 304, 56)
[ 278014.740] {Default Queue}  -> wl_surface#3.frame(new id wl_callback#65)
[ 278014.743] {Default Queue}  -> wl_surface#3.commit()
[ 278014.799] {Default Queue} wl_buffer#16.release()
[ 278015.390] {Display Queue} wl_display#1.delete_id(65)
[ 278015.396] {Default Queue} wl_callback#65.done(28830845)
[ 278031.782] {Default Queue}  -> wl_surface#3.set_buffer_scale(1)
[ 278031.808] {Default Queue}  -> wl_surface#3.attach(wl_buffer#16, 0, 0)
[ 278031.812] {Default Queue}  -> wl_surface#3.damage_buffer(0, 0, 304, 56)
[ 278031.822] {Default Queue}  -> wl_surface#3.frame(new id wl_callback#66)
[ 278031.833] {Default Queue}  -> wl_surface#3.commit()
[ 278032.364] {Display Queue} wl_display#1.delete_id(66)
[ 278032.373] {Default Queue} wl_buffer#14.release()
[ 278032.376] {Default Queue} wl_callback#66.done(28830862)
[ 278050.880] {Default Queue}  -> wl_surface#3.set_buffer_scale(1)
[ 278050.925] {Default Queue}  -> wl_surface#3.attach(wl_buffer#14, 0, 0)
[ 278050.937] {Default Queue}  -> wl_surface#3.damage_buffer(0, 0, 304, 56)
[ 278050.948] {Default Queue}  -> wl_surface#3.frame(new id wl_callback#67)
[ 278050.957] {Default Queue}  -> wl_surface#3.commit()
[ 278051.198] {Default Queue} wl_buffer#16.release()
[ 278057.778] {Display Queue} wl_display#1.delete_id(67)
[ 278057.825] {Default Queue} wl_callback#67.done(28830870)
[ 278070.540] {Default Queue}  -> wl_surface#3.set_buffer_scale(1)
[ 278070.592] {Default Queue}  -> wl_surface#3.attach(wl_buffer#16, 0, 0)
[ 278070.611] {Default Queue}  -> wl_surface#3.damage_buffer(0, 0, 304, 56)
[ 278070.627] {Default Queue}  -> wl_surface#3.frame(new id wl_callback#68)
[ 278070.647] {Default Queue}  -> wl_surface#3.commit()
[ 278070.922] {Default Queue} wl_buffer#14.release()
[ 278074.279] {Display Queue} wl_display#1.delete_id(68)
[ 278074.289] {Default Queue} wl_callback#68.done(28830904)
[ 278089.374] {Default Queue}  -> wl_surface#3.set_buffer_scale(1)
[ 278089.424] {Default Queue}  -> wl_surface#3.attach(wl_buffer#14, 0, 0)
[ 278089.437] {Default Queue}  -> wl_surface#3.damage_buffer(0, 0, 304, 56)
[ 278089.448] {Default Queue}  -> wl_surface#3.frame(new id wl_callback#69)
[ 278089.457] {Default Queue}  -> wl_surface#3.commit()
[ 278089.646] {Default Queue} wl_buffer#16.release()
[ 278090.796] {Display Queue} wl_display#1.delete_id(69)
[ 278090.835] {Default Queue} wl_callback#69.done(28830920)
[ 278107.542] {Default Queue}  -> wl_surface#3.set_buffer_scale(1)
[ 278107.570] {Default Queue}  -> wl_surface#3.attach(wl_buffer#16, 0, 0)
[ 278107.574] {Default Queue}  -> wl_surface#3.damage_buffer(0, 0, 304, 56)
[ 278107.578] {Default Queue}  -> wl_surface#3.frame(new id wl_callback#70)
[ 278107.581] {Default Queue}  -> wl_surface#3.commit()
[ 278108.290] {Display Queue} wl_display#1.delete_id(70)
[ 278108.300] {Default Queue} wl_buffer#14.release()
[ 278108.303] {Default Queue} wl_callback#70.done(28830937)
[ 278124.904] {Default Queue}  -> wl_surface#3.set_buffer_scale(1)
[ 278124.931] {Default Queue}  -> wl_surface#3.attach(wl_buffer#14, 0, 0)
[ 278124.936] {Default Queue}  -> wl_surface#3.damage_buffer(0, 0, 304, 56)
[ 278124.939] {Default Queue}  -> wl_surface#3.frame(new id wl_callback#71)
[ 278124.942] {Default Queue}  -> wl_surface#3.commit()
[ 278125.071] {Default Queue} wl_buffer#16.release()
[ 278132.567] {Display Queue} wl_display#1.delete_id(71)
[ 278132.614] {Default Queue} wl_callback#71.done(28830962)
[ 278141.886] {Default Queue}  -> wl_surface#3.set_buffer_scale(1)
[ 278141.910] {Default Queue}  -> wl_surface#3.attach(wl_buffer#16, 0, 0)
[ 278141.914] {Default Queue}  -> wl_surface#3.damage_buffer(0, 0, 304, 56)
[ 278141.917] {Default Queue}  -> wl_surface#3.frame(new id wl_callback#72)
[ 278141.920] {Default Queue}  -> wl_surface#3.commit()
[ 278142.109] {Default Queue} wl_buffer#14.release()
[ 278149.448] {Display Queue} wl_display#1.delete_id(72)
[ 278149.494] {Default Queue} wl_callback#72.done(28830970)
[ 278158.856] {Default Queue}  -> wl_surface#3.set_buffer_scale(1)
[ 278158.896] {Default Queue}  -> wl_surface#3.attach(wl_buffer#14, 0, 0)
[ 278158.900] {Default Queue}  -> wl_surface#3.damage_buffer(0, 0, 304, 56)
[ 278158.905] {Default Queue}  -> wl_surface#3.frame(new id wl_callback#73)
[ 278158.908] {Default Queue}  -> wl_surface#3.commit()
[ 278159.002] {Default Queue} wl_buffer#16.release()
[ 278165.687] {Display Queue} wl_display#1.delete_id(73)
[ 278165.704] {Default Queue} wl_callback#73.done(28830995)
[ 278427.145] {Default Queue}  -> wl_surface#3.set_buffer_scale(1)
[ 278427.199] {Default Queue}  -> wl_surface#3.attach(wl_buffer#16, 0, 0)
[ 278427.225] {Default Queue}  -> wl_surface#3.damage_buffer(0, 0, 304, 56)
[ 278427.250] {Default Queue}  -> wl_surface#3.frame(new id wl_callback#74)
[ 278427.259] {Default Queue}  -> wl_surface#3.commit()
[ 278427.535] {Default Queue} wl_buffer#14.release()
[ 278432.769] {Display Queue} wl_display#1.delete_id(74)
[ 278432.828] {Default Queue} wl_callback#74.done(28831262)
[ 278435.629] {Default Queue}  -> wl_surface#3.set_buffer_scale(1)
[ 278435.670] {Default Queue}  -> wl_surface#3.attach(wl_buffer#14, 0, 0)
[ 278435.682] {Default Queue}  -> wl_surface#3.damage_buffer(0, 0, 304, 56)
[ 278435.692] {Default Queue}  -> wl_surface#3.frame(new id wl_callback#75)
[ 278435.701] {Default Queue}  -> wl_surface#3.commit()
[ 278435.958] {Default Queue} wl_buffer#16.release()
[ 278440.970] {Display Queue} wl_display#1.delete_id(75)
[ 278441.012] {Default Queue} wl_callback#75.done(28831270)
[ 278449.797] {Default Queue}  -> wl_surface#3.set_buffer_scale(1)
[ 278449.853] {Default Queue}  -> wl_surface#3.attach(wl_buffer#16, 0, 0)
[ 278449.862] {Default Queue}  -> wl_surface#3.damage_buffer(0, 0, 304, 56)
[ 278449.869] {Default Queue}  -> wl_surface#3.frame(new id wl_callback#76)
[ 278449.875] {Default Queue}  -> wl_surface#3.commit()
[ 278450.052] {Default Queue} wl_buffer#14.release()
[ 278457.257] {Display Queue} wl_display#1.delete_id(76)
[ 278457.308] {Default Queue} wl_callback#76.done(28831287)
[ 278459.247] {Default Queue}  -> wl_surface#3.set_buffer_scale(1)
[ 278459.283] {Default Queue}  -> wl_surface#3.attach(wl_buffer#14, 0, 0)
[ 278459.290] {Default Queue}  -> wl_surface#3.damage_buffer(0, 0, 304, 56)
[ 278459.296] {Default Queue}  -> wl_surface#3.frame(new id wl_callback#77)
[ 278459.300] {Default Queue}  -> wl_surface#3.commit()
[ 278459.499] {Default Queue} wl_buffer#16.release()
[ 278465.849] {Display Queue} wl_display#1.delete_id(77)
[ 278465.887] {Default Queue} wl_callback#77.done(28831295)
[ 278472.615] {Default Queue}  -> wl_surface#3.set_buffer_scale(1)
[ 278472.655] {Default Queue}  -> wl_surface#3.attach(wl_buffer#16, 0, 0)
[ 278472.664] {Default Queue}  -> wl_surface#3.damage_buffer(0, 0, 304, 56)
[ 278472.673] {Default Queue}  -> wl_surface#3.frame(new id wl_callback#78)
[ 278472.680] {Default Queue}  -> wl_surface#3.commit()
[ 278472.809] {Default Queue} wl_buffer#14.release()
[ 278474.285] {Display Queue} wl_display#1.delete_id(78)
[ 278474.322] {Default Queue} wl_callback#78.done(28831304)
[ 278491.381] {Default Queue}  -> wl_surface#3.set_buffer_scale(1)
[ 278491.442] {Default Queue}  -> wl_surface#3.attach(wl_buffer#14, 0, 0)
[ 278491.458] {Default Queue}  -> wl_surface#3.damage_buffer(0, 0, 304, 56)
[ 278491.466] {Default Queue}  -> wl_surface#3.frame(new id wl_callback#79)
[ 278491.473] {Default Queue}  -> wl_surface#3.commit()
[ 278491.593] {Default Queue} wl_buffer#16.release()
[ 278499.262] {Display Queue} wl_display#1.delete_id(79)
[ 278499.307] {Default Queue} wl_callback#79.done(28831329)
[ 278501.090] {Default Queue}  -> wl_surface#3.set_buffer_scale(1)
[ 278501.120] {Default Queue}  -> wl_surface#3.attach(wl_buffer#16, 0, 0)
[ 278501.128] {Default Queue}  -> wl_surface#3.damage_buffer(0, 0, 304, 56)
[ 278501.135] {Default Queue}  -> wl_surface#3.frame(new id wl_callback#80)
[ 278501.140] {Default Queue}  -> wl_surface#3.commit()
[ 278501.275] {Default Queue} wl_buffer#14.release()
[ 278507.658] {Display Queue} wl_display#1.delete_id(80)
[ 278507.708] {Default Queue} wl_callback#80.done(28831337)
[ 278509.822] {Default Queue}  -> wl_surface#3.set_buffer_scale(1)
[ 278509.859] {Default Queue}  -> wl_surface#3.attach(wl_buffer#14, 0, 0)
[ 278509.868] {Default Queue}  -> wl_surface#3.damage_buffer(0, 0, 304, 56)
[ 278509.876] {Default Queue}  -> wl_surface#3.frame(new id wl_callback#81)
[ 278509.883] {Default Queue}  -> wl_surface#3.commit()
[ 278510.153] {Default Queue} wl_buffer#16.release()
[ 278515.918] {Display Queue} wl_display#1.delete_id(81)
[ 278515.967] {Default Queue} wl_callback#81.done(28831345)
[ 278528.457] {Default Queue}  -> wl_surface#3.set_buffer_scale(1)
[ 278528.531] {Default Queue}  -> wl_surface#3.attach(wl_buffer#16, 0, 0)
[ 278528.557] {Default Queue}  -> wl_surface#3.damage_buffer(0, 0, 304, 56)
[ 278528.568] {Default Queue}  -> wl_surface#3.frame(new id wl_callback#82)
[ 278528.577] {Default Queue}  -> wl_surface#3.commit()
[ 278528.836] {Default Queue} wl_buffer#14.release()
[ 278533.015] {Display Queue} wl_display#1.delete_id(82)
[ 278533.064] {Default Queue} wl_callback#82.done(28831354)
[ 278547.374] {Default Queue}  -> wl_surface#3.set_buffer_scale(1)
[ 278547.445] {Default Queue}  -> wl_surface#3.attach(wl_buffer#14, 0, 0)
[ 278547.462] {Default Queue}  -> wl_surface#3.damage_buffer(0, 0, 304, 56)
[ 278547.477] {Default Queue}  -> wl_surface#3.frame(new id wl_callback#83)
[ 278547.490] {Default Queue}  -> wl_surface#3.commit()
[ 278548.781] {Display Queue} wl_display#1.delete_id(83)
[ 278548.834] {Default Queue} wl_buffer#16.release()
[ 278548.845] {Default Queue} wl_callback#83.done(28831370)
[ 278551.469] {Default Queue}  -> wl_surface#3.set_buffer_scale(1)
[ 278551.509] {Default Queue}  -> wl_surface#3.attach(wl_buffer#16, 0, 0)
[ 278551.520] {Default Queue}  -> wl_surface#3.damage_buffer(0, 0, 304, 56)
[ 278551.530] {Default Queue}  -> wl_surface#3.frame(new id wl_callback#84)
[ 278551.539] {Default Queue}  -> wl_surface#3.commit()
[ 278551.689] {Default Queue} wl_buffer#14.release()
[ 278557.568] {Display Queue} wl_display#1.delete_id(84)
[ 278557.627] {Default Queue} wl_callback#84.done(28831379)
[ 278566.748] {Default Queue}  -> wl_surface#3.set_buffer_scale(1)
[ 278566.793] {Default Queue}  -> wl_surface#3.attach(wl_buffer#14, 0, 0)
[ 278566.805] {Default Queue}  -> wl_surface#3.damage_buffer(0, 0, 304, 56)
[ 278566.816] {Default Queue}  -> wl_surface#3.frame(new id wl_callback#85)
[ 278566.824] {Default Queue}  -> wl_surface#3.commit()
[ 278568.286] {Default Queue} wl_buffer#16.release()
[ 278574.423] {Display Queue} wl_display#1.delete_id(85)
[ 278574.471] {Default Queue} wl_callback#85.done(28831404)
[ 278585.198] {Default Queue}  -> wl_surface#3.set_buffer_scale(1)
[ 278585.242] {Default Queue}  -> wl_surface#3.attach(wl_buffer#16, 0, 0)
[ 278585.253] {Default Queue}  -> wl_surface#3.damage_buffer(0, 0, 304, 56)
[ 278585.262] {Default Queue}  -> wl_surface#3.frame(new id wl_callback#86)
[ 278585.270] {Default Queue}  -> wl_surface#3.commit()
[ 278585.365] {Default Queue} wl_buffer#14.release()
[ 278591.797] {Display Queue} wl_display#1.delete_id(86)
[ 278591.848] {Default Queue} wl_callback#86.done(28831412)
[ 278604.062] {Default Queue}  -> wl_surface#3.set_buffer_scale(1)
[ 278604.104] {Default Queue}  -> wl_surface#3.attach(wl_buffer#14, 0, 0)
[ 278604.113] {Default Queue}  -> wl_surface#3.damage_buffer(0, 0, 304, 56)
[ 278604.120] {Default Queue}  -> wl_surface#3.frame(new id wl_callback#87)
[ 278604.127] {Default Queue}  -> wl_surface#3.commit()
[ 278604.302] {Default Queue} wl_buffer#16.release()
[ 278607.538] {Display Queue} wl_display#1.delete_id(87)
[ 278607.579] {Default Queue} wl_callback#87.done(28831437)
[ 278623.096] {Default Queue}  -> wl_surface#3.set_buffer_scale(1)
[ 278623.144] {Default Queue}  -> wl_surface#3.attach(wl_buffer#16, 0, 0)
[ 278623.157] {Default Queue}  -> wl_surface#3.damage_buffer(0, 0, 304, 56)
[ 278623.167] {Default Queue}  -> wl_surface#3.frame(new id wl_callback#88)
[ 278623.176] {Default Queue}  -> wl_surface#3.commit()
[ 278624.840] {Display Queue} wl_display#1.delete_id(88)
[ 278624.879] {Default Queue} wl_buffer#14.release()
[ 278624.966] {Default Queue} wl_callback#88.done(28831445)
[ 278643.148] {Default Queue}  -> wl_surface#3.set_buffer_scale(1)
[ 278643.191] {Default Queue}  -> wl_surface#3.attach(wl_buffer#14, 0, 0)
[ 278643.203] {Default Queue}  -> wl_surface#3.damage_buffer(0, 0, 304, 56)
[ 278643.213] {Default Queue}  -> wl_surface#3.frame(new id wl_callback#89)
[ 278643.221] {Default Queue}  -> wl_surface#3.commit()
[ 278643.544] {Default Queue} wl_buffer#16.release()
[ 278649.174] {Display Queue} wl_display#1.delete_id(89)
[ 278649.221] {Default Queue} wl_callback#89.done(28831479)
[ 278661.842] {Default Queue}  -> wl_surface#3.set_buffer_scale(1)
[ 278661.903] {Default Queue}  -> wl_surface#3.attach(wl_buffer#16, 0, 0)
[ 278661.928] {Default Queue}  -> wl_surface#3.damage_buffer(0, 0, 304, 56)
[ 278661.938] {Default Queue}  -> wl_surface#3.frame(new id wl_callback#90)
[ 278661.947] {Default Queue}  -> wl_surface#3.commit()
[ 278662.222] {Default Queue} wl_buffer#14.release()
[ 278666.429] {Display Queue} wl_display#1.delete_id(90)
[ 278666.474] {Default Queue} wl_callback#90.done(28831487)
[ 278681.338] {Default Queue}  -> wl_surface#3.set_buffer_scale(1)
[ 278681.387] {Default Queue}  -> wl_surface#3.attach(wl_buffer#14, 0, 0)
[ 278681.400] {Default Queue}  -> wl_surface#3.damage_buffer(0, 0, 304, 56)
[ 278681.410] {Default Queue}  -> wl_surface#3.frame(new id wl_callback#91)
[ 278681.453] {Default Queue}  -> wl_surface#3.commit()
[ 278681.831] {Default Queue} wl_buffer#16.release()
[ 278690.793] {Display Queue} wl_display#1.delete_id(91)
[ 278690.858] {Default Queue} wl_callback#91.done(28831520)
[ 278695.009] {Default Queue}  -> wl_surface#3.set_buffer_scale(1)
[ 278695.060] {Default Queue}  -> wl_surface#3.attach(wl_buffer#16, 0, 0)
[ 278695.074] {Default Queue}  -> wl_surface#3.damage_buffer(0, 0, 304, 56)
[ 278695.087] {Default Queue}  -> wl_surface#3.frame(new id wl_callback#92)
[ 278695.099] {Default Queue}  -> wl_surface#3.commit()
[ 278695.203] {Default Queue} wl_buffer#14.release()
[ 278699.358] {Display Queue} wl_display#1.delete_id(92)
[ 278699.409] {Default Queue} wl_callback#92.done(28831529)
[ 278701.194] {Default Queue}  -> wl_surface#3.set_buffer_scale(1)
[ 278701.222] {Default Queue}  -> wl_surface#3.attach(wl_buffer#14, 0, 0)
[ 278701.229] {Default Queue}  -> wl_surface#3.damage_buffer(0, 0, 304, 56)
[ 278701.235] {Default Queue}  -> wl_surface#3.frame(new id wl_callback#93)
[ 278701.241] {Default Queue}  -> wl_surface#3.commit()
[ 278702.271] {Default Queue} wl_buffer#16.release()
[ 278707.373] {Display Queue} wl_display#1.delete_id(93)
[ 278707.403] {Default Queue} wl_callback#93.done(28831537)
[ 278714.641] {Default Queue}  -> wl_surface#3.set_buffer_scale(1)
[ 278714.678] {Default Queue}  -> wl_surface#3.attach(wl_buffer#16, 0, 0)
[ 278714.683] {Default Queue}  -> wl_surface#3.damage_buffer(0, 0, 304, 56)
[ 278714.687] {Default Queue}  -> wl_surface#3.frame(new id wl_callback#94)
[ 278714.690] {Default Queue}  -> wl_surface#3.commit()
[ 278715.422] {Display Queue} wl_display#1.delete_id(94)
[ 278715.448] {Default Queue} wl_buffer#14.release()
[ 278715.452] {Default Queue} wl_callback#94.done(28831537)
[ 278732.957] {Default Queue}  -> wl_surface#3.set_buffer_scale(1)
[ 278733.003] {Default Queue}  -> wl_surface#3.attach(wl_buffer#14, 0, 0)
[ 278733.015] {Default Queue}  -> wl_surface#3.damage_buffer(0, 0, 304, 56)
[ 278733.026] {Default Queue}  -> wl_surface#3.frame(new id wl_callback#95)
[ 278733.034] {Default Queue}  -> wl_surface#3.commit()
[ 278733.957] {Default Queue} wl_buffer#16.release()
[ 278741.242] {Display Queue} wl_display#1.delete_id(95)
[ 278741.288] {Default Queue} wl_callback#95.done(28831570)
[ 278751.149] {Default Queue}  -> wl_surface#3.set_buffer_scale(1)
[ 278751.174] {Default Queue}  -> wl_surface#3.attach(wl_buffer#16, 0, 0)
[ 278751.177] {Default Queue}  -> wl_surface#3.damage_buffer(0, 0, 304, 56)
[ 278751.181] {Default Queue}  -> wl_surface#3.frame(new id wl_callback#96)
[ 278751.183] {Default Queue}  -> wl_surface#3.commit()
[ 278751.431] {Default Queue} wl_buffer#14.release()
[ 278758.064] {Display Queue} wl_display#1.delete_id(96)
[ 278758.100] {Default Queue} wl_callback#96.done(28831579)
[ 278770.261] {Default Queue}  -> wl_surface#3.set_buffer_scale(1)
[ 278770.319] {Default Queue}  -> wl_surface#3.attach(wl_buffer#14, 0, 0)
[ 278770.332] {Default Queue}  -> wl_surface#3.damage_buffer(0, 0, 304, 56)
[ 278770.343] {Default Queue}  -> wl_surface#3.frame(new id wl_callback#97)
[ 278770.352] {Default Queue}  -> wl_surface#3.commit()
[ 278770.624] {Default Queue} wl_buffer#16.release()
[ 278774.923] {Display Queue} wl_display#1.delete_id(97)
[ 278774.967] {Default Queue} wl_callback#97.done(28831595)
[ 278788.782] {Default Queue}  -> wl_surface#3.set_buffer_scale(1)
[ 278788.854] {Default Queue}  -> wl_surface#3.attach(wl_buffer#16, 0, 0)
[ 278788.869] {Default Queue}  -> wl_surface#3.damage_buffer(0, 0, 304, 56)
[ 278788.880] {Default Queue}  -> wl_surface#3.frame(new id wl_callback#98)
[ 278788.888] {Default Queue}  -> wl_surface#3.commit()
[ 278790.299] {Display Queue} wl_display#1.delete_id(98)
[ 278790.483] {Default Queue} wl_buffer#14.release()
[ 278790.498] {Default Queue} wl_callback#98.done(28831612)
[ 278807.407] {Default Queue}  -> wl_surface#3.set_buffer_scale(1)
[ 278807.476] {Default Queue}  -> wl_surface#3.attach(wl_buffer#14, 0, 0)
[ 278807.487] {Default Queue}  -> wl_surface#3.damage_buffer(0, 0, 304, 56)
[ 278807.497] {Default Queue}  -> wl_surface#3.frame(new id wl_callback#99)
[ 278807.505] {Default Queue}  -> wl_surface#3.commit()
[ 278807.707] {Default Queue} wl_buffer#16.release()
[ 278816.085] {Display Queue} wl_display#1.delete_id(99)
[ 278816.234] {Default Queue} wl_callback#99.done(28831637)
[ 278826.303] {Default Queue}  -> wl_surface#3.set_buffer_scale(1)
[ 278826.360] {Default Queue}  -> wl_surface#3.attach(wl_buffer#16, 0, 0)
[ 278826.372] {Default Queue}  -> wl_surface#3.damage_buffer(0, 0, 304, 56)
[ 278826.382] {Default Queue}  -> wl_surface#3.frame(new id wl_callback#100)
[ 278826.391] {Default Queue}  -> wl_surface#3.commit()
[ 278826.621] {Default Queue} wl_buffer#14.release()
[ 278832.867] {Display Queue} wl_display#1.delete_id(100)
[ 278832.915] {Default Queue} wl_callback#100.done(28831662)
[ 278845.443] {Default Queue}  -> wl_surface#3.set_buffer_scale(1)
[ 278845.495] {Default Queue}  -> wl_surface#3.attach(wl_buffer#14, 0, 0)
[ 278845.508] {Default Queue}  -> wl_surface#3.damage_buffer(0, 0, 304, 56)
[ 278845.519] {Default Queue}  -> wl_surface#3.frame(new id wl_callback#101)
[ 278845.528] {Default Queue}  -> wl_surface#3.commit()
[ 278846.226] {Default Queue} wl_buffer#16.release()
[ 278849.398] {Display Queue} wl_display#1.delete_id(101)
[ 278849.450] {Default Queue} wl_callback#101.done(28831670)
[ 278864.101] {Default Queue}  -> wl_surface#3.set_buffer_scale(1)
[ 278864.148] {Default Queue}  -> wl_surface#3.attach(wl_buffer#16, 0, 0)
[ 278864.161] {Default Queue}  -> wl_surface#3.damage_buffer(0, 0, 304, 56)
[ 278864.171] {Default Queue}  -> wl_surface#3.frame(new id wl_callback#102)
[ 278864.180] {Default Queue}  -> wl_surface#3.commit()
[ 278864.336] {Default Queue} wl_buffer#14.release()
[ 278866.109] {Display Queue} wl_display#1.delete_id(102)
[ 278866.158] {Default Queue} wl_callback#102.done(28831695)
[ 278883.040] {Default Queue}  -> wl_surface#3.set_buffer_scale(1)
[ 278883.091] {Default Queue}  -> wl_surface#3.attach(wl_buffer#14, 0, 0)
[ 278883.104] {Default Queue}  -> wl_surface#3.damage_buffer(0, 0, 304, 56)
[ 278883.116] {Default Queue}  -> wl_surface#3.frame(new id wl_callback#103)
[ 278883.125] {Default Queue}  -> wl_surface#3.commit()
[ 278883.362] {Default Queue} wl_buffer#16.release()
[ 278891.635] {Display Queue} wl_display#1.delete_id(103)
[ 278891.687] {Default Queue} wl_callback#103.done(28831720)
[ 278901.751] {Default Queue}  -> wl_surface#3.set_buffer_scale(1)
[ 278901.797] {Default Queue}  -> wl_surface#3.attach(wl_buffer#16, 0, 0)
[ 278901.808] {Default Queue}  -> wl_surface#3.damage_buffer(0, 0, 304, 56)
[ 278901.817] {Default Queue}  -> wl_surface#3.frame(new id wl_callback#104)
[ 278901.826] {Default Queue}  -> wl_surface#3.commit()
[ 278902.498] {Default Queue} wl_buffer#14.release()
[ 278907.652] {Display Queue} wl_display#1.delete_id(104)
[ 278907.699] {Default Queue} wl_callback#104.done(28831729)
[ 278921.333] {Default Queue}  -> wl_surface#3.set_buffer_scale(1)
[ 278921.395] {Default Queue}  -> wl_surface#3.attach(wl_buffer#14, 0, 0)
[ 278921.408] {Default Queue}  -> wl_surface#3.damage_buffer(0, 0, 304, 56)
[ 278921.438] {Default Queue}  -> wl_surface#3.frame(new id wl_callback#105)
[ 278921.447] {Default Queue}  -> wl_surface#3.commit()
[ 278921.647] {Default Queue} wl_buffer#16.release()
[ 278925.090] {Display Queue} wl_display#1.delete_id(105)
[ 278925.239] {Default Queue} wl_callback#105.done(28831745)
[ 278940.281] {Default Queue}  -> wl_surface#3.set_buffer_scale(1)
[ 278940.340] {Default Queue}  -> wl_surface#3.attach(wl_buffer#16, 0, 0)
[ 278940.360] {Default Queue}  -> wl_surface#3.damage_buffer(0, 0, 304, 56)
[ 278940.374] {Default Queue}  -> wl_surface#3.frame(new id wl_callback#106)
[ 278940.388] {Default Queue}  -> wl_surface#3.commit()
[ 278941.460] {Default Queue} wl_buffer#14.release()
[ 278949.267] {Display Queue} wl_display#1.delete_id(106)
[ 278949.318] {Default Queue} wl_callback#106.done(28831779)
[ 279026.290] {Default Queue}  -> wl_surface#3.set_buffer_scale(1)
[ 279026.356] {Default Queue}  -> wl_surface#3.attach(wl_buffer#14, 0, 0)
[ 279026.371] {Default Queue}  -> wl_surface#3.damage_buffer(0, 0, 304, 56)
[ 279026.383] {Default Queue}  -> wl_surface#3.frame(new id wl_callback#107)
[ 279026.398] {Default Queue}  -> wl_surface#3.commit()
[ 279026.682] {Default Queue} wl_buffer#16.release()
[ 279032.694] {Display Queue} wl_display#1.delete_id(107)
[ 279032.736] {Default Queue} wl_callback#107.done(28831862)
[ 279044.808] {Default Queue}  -> wl_surface#3.set_buffer_scale(1)
[ 279044.867] {Default Queue}  -> wl_surface#3.attach(wl_buffer#16, 0, 0)
[ 279044.879] {Default Queue}  -> wl_surface#3.damage_buffer(0, 0, 304, 56)
[ 279044.889] {Default Queue}  -> wl_surface#3.frame(new id wl_callback#108)
[ 279044.897] {Default Queue}  -> wl_surface#3.commit()
[ 279045.953] {Default Queue} wl_buffer#14.release()
[ 279049.063] {Display Queue} wl_display#1.delete_id(108)
[ 279049.108] {Default Queue} wl_callback#108.done(28831870)
[ 279063.295] {Default Queue}  -> wl_surface#3.set_buffer_scale(1)
[ 279063.343] {Default Queue}  -> wl_surface#3.attach(wl_buffer#14, 0, 0)
[ 279063.355] {Default Queue}  -> wl_surface#3.damage_buffer(0, 0, 304, 56)
[ 279063.365] {Default Queue}  -> wl_surface#3.frame(new id wl_callback#109)
[ 279063.373] {Default Queue}  -> wl_surface#3.commit()
[ 279063.595] {Default Queue} wl_buffer#16.release()
[ 279065.742] {Display Queue} wl_display#1.delete_id(109)
[ 279065.783] {Default Queue} wl_callback#109.done(28831887)
[ 279081.959] {Default Queue}  -> wl_surface#3.set_buffer_scale(1)
[ 279082.014] {Default Queue}  -> wl_surface#3.attach(wl_buffer#16, 0, 0)
[ 279082.028] {Default Queue}  -> wl_surface#3.damage_buffer(0, 0, 304, 56)
[ 279082.038] {Default Queue}  -> wl_surface#3.frame(new id wl_callback#110)
[ 279082.047] {Default Queue}  -> wl_surface#3.commit()
[ 279082.298] {Default Queue} wl_buffer#14.release()
[ 279091.277] {Display Queue} wl_display#1.delete_id(110)
[ 279091.325] {Default Queue} wl_callback#110.done(28831912)
[ 279100.633] {Default Queue}  -> wl_surface#3.set_buffer_scale(1)
[ 279100.682] {Default Queue}  -> wl_surface#3.attach(wl_buffer#14, 0, 0)
[ 279100.696] {Default Queue}  -> wl_surface#3.damage_buffer(0, 0, 304, 56)
[ 279100.707] {Default Queue}  -> wl_surface#3.frame(new id wl_callback#111)
[ 279100.717] {Default Queue}  -> wl_surface#3.commit()
[ 279101.928] {Default Queue} wl_buffer#16.release()
[ 279107.592] {Display Queue} wl_display#1.delete_id(111)
[ 279107.640] {Default Queue} wl_callback#111.done(28831929)
[ 279119.294] {Default Queue}  -> wl_surface#3.set_buffer_scale(1)
[ 279119.340] {Default Queue}  -> wl_surface#3.attach(wl_buffer#16, 0, 0)
[ 279119.353] {Default Queue}  -> wl_surface#3.damage_buffer(0, 0, 304, 56)
[ 279119.364] {Default Queue}  -> wl_surface#3.frame(new id wl_callback#112)
[ 279119.373] {Default Queue}  -> wl_surface#3.commit()
[ 279119.710] {Default Queue} wl_buffer#14.release()
[ 279124.845] {Display Queue} wl_display#1.delete_id(112)
[ 279124.884] {Default Queue} wl_callback#112.done(28831945)
[ 279138.016] {Default Queue}  -> wl_surface#3.set_buffer_scale(1)
[ 279138.060] {Default Queue}  -> wl_surface#3.attach(wl_buffer#14, 0, 0)
[ 279138.074] {Default Queue}  -> wl_surface#3.damage_buffer(0, 0, 304, 56)
[ 279138.085] {Default Queue}  -> wl_surface#3.frame(new id wl_callback#113)
[ 279138.093] {Default Queue}  -> wl_surface#3.commit()
[ 279138.379] {Default Queue} wl_buffer#16.release()
[ 279140.929] {Display Queue} wl_display#1.delete_id(113)
[ 279140.974] {Default Queue} wl_callback#113.done(28831962)
[ 279156.665] {Default Queue}  -> wl_surface#3.set_buffer_scale(1)
[ 279156.721] {Default Queue}  -> wl_surface#3.attach(wl_buffer#16, 0, 0)
[ 279156.733] {Default Queue}  -> wl_surface#3.damage_buffer(0, 0, 304, 56)
[ 279156.743] {Default Queue}  -> wl_surface#3.frame(new id wl_callback#114)
[ 279156.751] {Default Queue}  -> wl_surface#3.commit()
[ 279158.180] {Default Queue} wl_buffer#14.release()
[ 279165.975] {Display Queue} wl_display#1.delete_id(114)
[ 279166.019] {Default Queue} wl_callback#114.done(28831995)
[ 279175.293] {Default Queue}  -> wl_surface#3.set_buffer_scale(1)
[ 279175.342] {Default Queue}  -> wl_surface#3.attach(wl_buffer#14, 0, 0)
[ 279175.354] {Default Queue}  -> wl_surface#3.damage_buffer(0, 0, 304, 56)
[ 279175.365] {Default Queue}  -> wl_surface#3.frame(new id wl_callback#115)
[ 279175.373] {Default Queue}  -> wl_surface#3.commit()
[ 279175.788] {Default Queue} wl_buffer#16.release()
[ 279183.121] {Display Queue} wl_display#1.delete_id(115)
[ 279183.170] {Default Queue} wl_callback#115.done(28832004)
[ 279193.940] {Default Queue}  -> wl_surface#3.set_buffer_scale(1)
[ 279193.994] {Default Queue}  -> wl_surface#3.attach(wl_buffer#16, 0, 0)
[ 279194.006] {Default Queue}  -> wl_surface#3.damage_buffer(0, 0, 304, 56)
[ 279194.016] {Default Queue}  -> wl_surface#3.frame(new id wl_callback#116)
[ 279194.025] {Default Queue}  -> wl_surface#3.commit()
[ 279194.290] {Default Queue} wl_buffer#14.release()
[ 279199.101] {Display Queue} wl_display#1.delete_id(116)
[ 279199.141] {Default Queue} wl_callback#116.done(28832029)
[ 279211.519] {Default Queue}  -> wl_surface#3.set_buffer_scale(1)
[ 279211.552] {Default Queue}  -> wl_surface#3.attach(wl_buffer#14, 0, 0)
[ 279211.558] {Default Queue}  -> wl_surface#3.damage_buffer(0, 0, 304, 56)
[ 279211.564] {Default Queue}  -> wl_surface#3.frame(new id wl_callback#117)
[ 279211.569] {Default Queue}  -> wl_surface#3.commit()
[ 279211.651] {Default Queue} wl_buffer#16.release()
[ 279215.642] {Display Queue} wl_display#1.delete_id(117)
[ 279215.677] {Default Queue} wl_callback#117.done(28832037)
[ 279230.165] {Default Queue}  -> wl_surface#3.set_buffer_scale(1)
[ 279230.210] {Default Queue}  -> wl_surface#3.attach(wl_buffer#16, 0, 0)
[ 279230.224] {Default Queue}  -> wl_surface#3.damage_buffer(0, 0, 304, 56)
[ 279230.235] {Default Queue}  -> wl_surface#3.frame(new id wl_callback#118)
[ 279230.244] {Default Queue}  -> wl_surface#3.commit()
[ 279230.531] {Default Queue} wl_buffer#14.release()
[ 279232.585] {Display Queue} wl_display#1.delete_id(118)
[ 279232.606] {Default Queue} wl_callback#118.done(28832062)
[ 279248.860] {Default Queue}  -> wl_surface#3.set_buffer_scale(1)
[ 279248.906] {Default Queue}  -> wl_surface#3.attach(wl_buffer#14, 0, 0)
[ 279248.917] {Default Queue}  -> wl_surface#3.damage_buffer(0, 0, 304, 56)
[ 279248.927] {Default Queue}  -> wl_surface#3.frame(new id wl_callback#119)
[ 279248.936] {Default Queue}  -> wl_surface#3.commit()
[ 279249.046] {Default Queue} wl_buffer#16.release()
[ 279258.892] {Display Queue} wl_display#1.delete_id(119)
[ 279258.975] {Default Queue} wl_callback#119.done(28832079)
[ 279265.840] {Default Queue}  -> wl_surface#3.set_buffer_scale(1)
[ 279265.869] {Default Queue}  -> wl_surface#3.attach(wl_buffer#16, 0, 0)
[ 279265.873] {Default Queue}  -> wl_surface#3.damage_buffer(0, 0, 304, 56)
[ 279265.877] {Default Queue}  -> wl_surface#3.frame(new id wl_callback#120)
[ 279265.880] {Default Queue}  -> wl_surface#3.commit()
[ 279266.143] {Default Queue} wl_buffer#14.release()
[ 279273.822] {Display Queue} wl_display#1.delete_id(120)
[ 279273.848] {Default Queue} wl_callback#120.done(28832104)
[ 279282.893] {Default Queue}  -> wl_surface#3.set_buffer_scale(1)
[ 279282.930] {Default Queue}  -> wl_surface#3.attach(wl_buffer#14, 0, 0)
[ 279282.936] {Default Queue}  -> wl_surface#3.damage_buffer(0, 0, 304, 56)
[ 279282.940] {Default Queue}  -> wl_surface#3.frame(new id wl_callback#121)
[ 279282.953] {Default Queue}  -> wl_surface#3.commit()
[ 279283.047] {Default Queue} wl_buffer#16.release()
[ 279290.943] {Display Queue} wl_display#1.delete_id(121)
[ 279290.983] {Default Queue} wl_callback#121.done(28832120)
[ 279879.040] {Default Queue}  -> wl_surface#3.set_buffer_scale(1)
[ 279879.091] {Default Queue}  -> wl_surface#3.attach(wl_buffer#16, 0, 0)
[ 279879.104] {Default Queue}  -> wl_surface#3.damage_buffer(0, 0, 304, 56)
[ 279879.116] {Default Queue}  -> wl_surface#3.frame(new id wl_callback#122)
[ 279879.127] {Default Queue}  -> wl_surface#3.commit()
[ 279879.276] {Default Queue} wl_buffer#14.release()
[ 279884.258] {Display Queue} wl_display#1.delete_id(122)
[ 279884.327] {Default Queue} wl_callback#122.done(28832712)
[ 279897.573] {Default Queue}  -> wl_surface#3.set_buffer_scale(1)
[ 279897.630] {Default Queue}  -> wl_surface#3.attach(wl_buffer#14, 0, 0)
[ 279897.644] {Default Queue}  -> wl_surface#3.damage_buffer(0, 0, 304, 56)
[ 279897.654] {Default Queue}  -> wl_surface#3.frame(new id wl_callback#123)
[ 279897.663] {Default Queue}  -> wl_surface#3.commit()
[ 279897.908] {Default Queue} wl_buffer#16.release()
[ 279899.365] {Display Queue} wl_display#1.delete_id(123)
[ 279899.410] {Default Queue} wl_callback#123.done(28832729)
[ 279916.140] {Default Queue}  -> wl_surface#3.set_buffer_scale(1)
[ 279916.186] {Default Queue}  -> wl_surface#3.attach(wl_buffer#16, 0, 0)
[ 279916.198] {Default Queue}  -> wl_surface#3.damage_buffer(0, 0, 304, 56)
[ 279916.209] {Default Queue}  -> wl_surface#3.frame(new id wl_callback#124)
[ 279916.218] {Default Queue}  -> wl_surface#3.commit()
[ 279916.503] {Default Queue} wl_buffer#14.release()
[ 279924.509] {Display Queue} wl_display#1.delete_id(124)
[ 279924.555] {Default Queue} wl_callback#124.done(28832754)
[ 279934.775] {Default Queue}  -> wl_surface#3.set_buffer_scale(1)
[ 279934.825] {Default Queue}  -> wl_surface#3.attach(wl_buffer#14, 0, 0)
[ 279934.838] {Default Queue}  -> wl_surface#3.damage_buffer(0, 0, 304, 56)
[ 279934.849] {Default Queue}  -> wl_surface#3.frame(new id wl_callback#125)
[ 279934.858] {Default Queue}  -> wl_surface#3.commit()
[ 279935.145] {Default Queue} wl_buffer#16.release()
[ 279941.030] {Display Queue} wl_display#1.delete_id(125)
[ 279941.093] {Default Queue} wl_callback#125.done(28832770)
[ 279952.405] {Default Queue}  -> wl_surface#3.set_buffer_scale(1)
[ 279952.445] {Default Queue}  -> wl_surface#3.attach(wl_buffer#16, 0, 0)
[ 279952.452] {Default Queue}  -> wl_surface#3.damage_buffer(0, 0, 304, 56)
[ 279952.459] {Default Queue}  -> wl_surface#3.frame(new id wl_callback#126)
[ 279952.464] {Default Queue}  -> wl_surface#3.commit()
[ 279952.670] {Default Queue} wl_buffer#14.release()
[ 279957.132] {Display Queue} wl_display#1.delete_id(126)
[ 279957.149] {Default Queue} wl_callback#126.done(28832787)
[ 279969.864] {Default Queue}  -> wl_surface#3.set_buffer_scale(1)
[ 279969.908] {Default Queue}  -> wl_surface#3.attach(wl_buffer#14, 0, 0)
[ 279969.915] {Default Queue}  -> wl_surface#3.damage_buffer(0, 0, 304, 56)
[ 279969.921] {Default Queue}  -> wl_surface#3.frame(new id wl_callback#127)
[ 279969.926] {Default Queue}  -> wl_surface#3.commit()
[ 279970.071] {Default Queue} wl_buffer#16.release()
[ 279974.095] {Display Queue} wl_display#1.delete_id(127)
[ 279974.138] {Default Queue} wl_callback#127.done(28832795)
[ 279988.253] {Default Queue}  -> wl_surface#3.set_buffer_scale(1)
[ 279988.301] {Default Queue}  -> wl_surface#3.attach(wl_buffer#16, 0, 0)
[ 279988.313] {Default Queue}  -> wl_surface#3.damage_buffer(0, 0, 304, 56)
[ 279988.322] {Default Queue}  -> wl_surface#3.frame(new id wl_callback#128)
[ 279988.330] {Default Queue}  -> wl_surface#3.commit()
[ 279988.665] {Default Queue} wl_buffer#14.release()
[ 279991.705] {Display Queue} wl_display#1.delete_id(128)
[ 279991.753] {Default Queue} wl_callback#128.done(28832820)
[ 280006.864] {Default Queue}  -> wl_surface#3.set_buffer_scale(1)
[ 280006.909] {Default Queue}  -> wl_surface#3.attach(wl_buffer#14, 0, 0)
[ 280006.920] {Default Queue}  -> wl_surface#3.damage_buffer(0, 0, 304, 56)
[ 280006.941] {Default Queue}  -> wl_surface#3.frame(new id wl_callback#129)
[ 280006.962] {Default Queue}  -> wl_surface#3.commit()
[ 280007.475] {Default Queue} wl_buffer#16.release()
[ 280015.703] {Display Queue} wl_display#1.delete_id(129)
[ 280015.751] {Default Queue} wl_callback#129.done(28832845)
[ 280027.959] {Default Queue}  -> wl_surface#3.set_buffer_scale(1)
[ 280028.053] {Default Queue}  -> wl_surface#3.attach(wl_buffer#16, 0, 0)
[ 280028.088] {Default Queue}  -> wl_surface#3.damage_buffer(0, 0, 304, 56)
[ 280028.100] {Default Queue}  -> wl_surface#3.frame(new id wl_callback#130)
[ 280028.110] {Default Queue}  -> wl_surface#3.commit()
[ 280028.267] {Default Queue} wl_buffer#14.release()
[ 280033.146] {Display Queue} wl_display#1.delete_id(130)
[ 280033.196] {Default Queue} wl_callback#130.done(28832862)
[ 280046.756] {Default Queue}  -> wl_surface#3.set_buffer_scale(1)
[ 280046.857] {Default Queue}  -> wl_surface#3.attach(wl_buffer#14, 0, 0)
[ 280046.870] {Default Queue}  -> wl_surface#3.damage_buffer(0, 0, 304, 56)
[ 280046.881] {Default Queue}  -> wl_surface#3.frame(new id wl_callback#131)
[ 280046.890] {Default Queue}  -> wl_surface#3.commit()
[ 280047.829] {Default Queue} wl_buffer#16.release()
[ 280049.233] {Display Queue} wl_display#1.delete_id(131)
[ 280049.275] {Default Queue} wl_callback#131.done(28832879)
[ 280065.567] {Default Queue}  -> wl_surface#3.set_buffer_scale(1)
[ 280065.629] {Default Queue}  -> wl_surface#3.attach(wl_buffer#16, 0, 0)
[ 280065.640] {Default Queue}  -> wl_surface#3.damage_buffer(0, 0, 304, 56)
[ 280065.651] {Default Queue}  -> wl_surface#3.frame(new id wl_callback#132)
[ 280065.659] {Default Queue}  -> wl_surface#3.commit()
[ 280067.096] {Display Queue} wl_display#1.delete_id(132)
[ 280067.143] {Default Queue} wl_buffer#14.release()
[ 280067.153] {Default Queue} wl_callback#132.done(28832895)
[ 280084.389] {Default Queue}  -> wl_surface#3.set_buffer_scale(1)
[ 280084.445] {Default Queue}  -> wl_surface#3.attach(wl_buffer#14, 0, 0)
[ 280084.460] {Default Queue}  -> wl_surface#3.damage_buffer(0, 0, 304, 56)
[ 280084.472] {Default Queue}  -> wl_surface#3.frame(new id wl_callback#133)
[ 280084.481] {Default Queue}  -> wl_surface#3.commit()
[ 280084.731] {Default Queue} wl_buffer#16.release()
[ 280091.154] {Display Queue} wl_display#1.delete_id(133)
[ 280091.200] {Default Queue} wl_callback#133.done(28832920)
[ 280102.984] {Default Queue}  -> wl_surface#3.set_buffer_scale(1)
[ 280103.033] {Default Queue}  -> wl_surface#3.attach(wl_buffer#16, 0, 0)
[ 280103.048] {Default Queue}  -> wl_surface#3.damage_buffer(0, 0, 304, 56)
[ 280103.064] {Default Queue}  -> wl_surface#3.frame(new id wl_callback#134)
[ 280103.074] {Default Queue}  -> wl_surface#3.commit()
[ 280103.181] {Default Queue} wl_buffer#14.release()
[ 280107.904] {Display Queue} wl_display#1.delete_id(134)
[ 280107.962] {Default Queue} wl_callback#134.done(28832937)
[ 280121.693] {Default Queue}  -> wl_surface#3.set_buffer_scale(1)
[ 280121.753] {Default Queue}  -> wl_surface#3.attach(wl_buffer#14, 0, 0)
[ 280121.767] {Default Queue}  -> wl_surface#3.damage_buffer(0, 0, 304, 56)
[ 280121.779] {Default Queue}  -> wl_surface#3.frame(new id wl_callback#135)
[ 280121.788] {Default Queue}  -> wl_surface#3.commit()
[ 280122.115] {Default Queue} wl_buffer#16.release()
[ 280124.502] {Display Queue} wl_display#1.delete_id(135)
[ 280124.523] {Default Queue} wl_callback#135.done(28832954)
[ 280140.332] {Default Queue}  -> wl_surface#3.set_buffer_scale(1)
[ 280140.380] {Default Queue}  -> wl_surface#3.attach(wl_buffer#16, 0, 0)
[ 280140.394] {Default Queue}  -> wl_surface#3.damage_buffer(0, 0, 304, 56)
[ 280140.405] {Default Queue}  -> wl_surface#3.frame(new id wl_callback#136)
[ 280140.424] {Default Queue}  -> wl_surface#3.commit()
[ 280141.241] {Default Queue} wl_buffer#14.release()
[ 280149.139] {Display Queue} wl_display#1.delete_id(136)
[ 280149.194] {Default Queue} wl_callback#136.done(28832970)
[ 280363.039] {Default Queue}  -> wl_surface#3.set_buffer_scale(1)
[ 280363.093] {Default Queue}  -> wl_surface#3.attach(wl_buffer#14, 0, 0)
[ 280363.114] {Default Queue}  -> wl_surface#3.damage_buffer(0, 0, 304, 56)
[ 280363.136] {Default Queue}  -> wl_surface#3.frame(new id wl_callback#137)
[ 280363.143] {Default Queue}  -> wl_surface#3.commit()
[ 280363.268] {Default Queue} wl_buffer#16.release()
[ 280367.109] {Display Queue} wl_display#1.delete_id(137)
[ 280367.131] {Default Queue} wl_callback#137.done(28833195)
[ 280382.354] {Default Queue}  -> wl_surface#3.set_buffer_scale(1)
[ 280382.382] {Default Queue}  -> wl_surface#3.attach(wl_buffer#16, 0, 0)
[ 280382.386] {Default Queue}  -> wl_surface#3.damage_buffer(0, 0, 304, 56)
[ 280382.393] {Default Queue}  -> wl_surface#3.frame(new id wl_callback#138)
[ 280382.396] {Default Queue}  -> wl_surface#3.commit()
[ 280383.014] {Display Queue} wl_display#1.delete_id(138)
[ 280383.021] {Default Queue} wl_buffer#14.release()
[ 280383.024] {Default Queue} wl_callback#138.done(28833212)
[ 280401.230] {Default Queue}  -> wl_surface#3.set_buffer_scale(1)
[ 280401.253] {Default Queue}  -> wl_surface#3.attach(wl_buffer#14, 0, 0)
[ 280401.257] {Default Queue}  -> wl_surface#3.damage_buffer(0, 0, 304, 56)
[ 280401.261] {Default Queue}  -> wl_surface#3.frame(new id wl_callback#139)
[ 280401.264] {Default Queue}  -> wl_surface#3.commit()
[ 280401.351] {Default Queue} wl_buffer#16.release()
[ 280408.018] {Display Queue} wl_display#1.delete_id(139)
[ 280408.047] {Default Queue} wl_callback#139.done(28833237)
[ 280420.468] {Default Queue}  -> wl_surface#3.set_buffer_scale(1)
[ 280420.503] {Default Queue}  -> wl_surface#3.attach(wl_buffer#16, 0, 0)
[ 280420.507] {Default Queue}  -> wl_surface#3.damage_buffer(0, 0, 304, 56)
[ 280420.511] {Default Queue}  -> wl_surface#3.frame(new id wl_callback#140)
[ 280420.515] {Default Queue}  -> wl_surface#3.commit()
[ 280421.362] {Display Queue} wl_display#1.delete_id(140)
[ 280421.370] {Default Queue} wl_buffer#14.release()
[ 280421.374] {Default Queue} wl_callback#140.done(28833245)
[ 280443.101] {Default Queue}  -> wl_surface#3.set_buffer_scale(1)
[ 280443.152] {Default Queue}  -> wl_surface#3.attach(wl_buffer#14, 0, 0)
[ 280443.160] {Default Queue}  -> wl_surface#3.damage_buffer(0, 0, 304, 56)
[ 280443.167] {Default Queue}  -> wl_surface#3.frame(new id wl_callback#141)
[ 280443.172] {Default Queue}  -> wl_surface#3.commit()
[ 280443.417] {Default Queue} wl_buffer#16.release()
[ 280450.582] {Display Queue} wl_display#1.delete_id(141)
[ 280450.618] {Default Queue} wl_callback#141.done(28833279)
[ 280462.289] {Default Queue}  -> wl_surface#3.set_buffer_scale(1)
[ 280462.320] {Default Queue}  -> wl_surface#3.attach(wl_buffer#16, 0, 0)
[ 280462.324] {Default Queue}  -> wl_surface#3.damage_buffer(0, 0, 304, 56)
[ 280462.328] {Default Queue}  -> wl_surface#3.frame(new id wl_callback#142)
[ 280462.331] {Default Queue}  -> wl_surface#3.commit()
[ 280462.556] {Default Queue} wl_buffer#14.release()
[ 280465.780] {Display Queue} wl_display#1.delete_id(142)
[ 280465.800] {Default Queue} wl_callback#142.done(28833295)
[ 280485.797] {Default Queue}  -> wl_surface#3.set_buffer_scale(1)
[ 280485.846] {Default Queue}  -> wl_surface#3.attach(wl_buffer#14, 0, 0)
[ 280485.856] {Default Queue}  -> wl_surface#3.damage_buffer(0, 0, 304, 56)
[ 280485.865] {Default Queue}  -> wl_surface#3.frame(new id wl_callback#143)
[ 280485.873] {Default Queue}  -> wl_surface#3.commit()
[ 280486.185] {Default Queue} wl_buffer#16.release()
[ 280491.149] {Display Queue} wl_display#1.delete_id(143)
[ 280491.199] {Default Queue} wl_callback#143.done(28833320)
[ 280509.188] {Default Queue}  -> wl_surface#3.set_buffer_scale(1)
[ 280509.242] {Default Queue}  -> wl_surface#3.attach(wl_buffer#16, 0, 0)
[ 280509.258] {Default Queue}  -> wl_surface#3.damage_buffer(0, 0, 304, 56)
[ 280509.273] {Default Queue}  -> wl_surface#3.frame(new id wl_callback#144)
[ 280509.286] {Default Queue}  -> wl_surface#3.commit()
[ 280509.634] {Default Queue} wl_buffer#14.release()
[ 280517.064] {Display Queue} wl_display#1.delete_id(144)
[ 280517.125] {Default Queue} wl_callback#144.done(28833345)
[ 280530.248] {Default Queue}  -> wl_surface#3.set_buffer_scale(1)
[ 280530.331] {Default Queue}  -> wl_surface#3.attach(wl_buffer#14, 0, 0)
[ 280530.343] {Default Queue}  -> wl_surface#3.damage_buffer(0, 0, 304, 56)
[ 280530.354] {Default Queue}  -> wl_surface#3.frame(new id wl_callback#145)
[ 280530.362] {Default Queue}  -> wl_surface#3.commit()
[ 280530.681] {Default Queue} wl_buffer#16.release()
[ 280534.115] {Display Queue} wl_display#1.delete_id(145)
[ 280534.170] {Default Queue} wl_callback#145.done(28833362)
[ 280551.094] {Default Queue}  -> wl_surface#3.set_buffer_scale(1)
[ 280551.137] {Default Queue}  -> wl_surface#3.attach(wl_buffer#16, 0, 0)
[ 280551.149] {Default Queue}  -> wl_surface#3.damage_buffer(0, 0, 304, 56)
[ 280551.159] {Default Queue}  -> wl_surface#3.frame(new id wl_callback#146)
[ 280551.167] {Default Queue}  -> wl_surface#3.commit()
[ 280552.357] {Display Queue} wl_display#1.delete_id(146)
[ 280552.411] {Default Queue} wl_buffer#14.release()
[ 280552.440] {Default Queue} wl_callback#146.done(28833379)
[ 280569.861] {Default Queue}  -> wl_surface#3.set_buffer_scale(1)
[ 280569.904] {Default Queue}  -> wl_surface#3.attach(wl_buffer#14, 0, 0)
[ 280569.917] {Default Queue}  -> wl_surface#3.damage_buffer(0, 0, 304, 56)
[ 280569.926] {Default Queue}  -> wl_surface#3.frame(new id wl_callback#147)
[ 280569.934] {Default Queue}  -> wl_surface#3.commit()
[ 280570.960] {Display Queue} wl_display#1.delete_id(147)
[ 280570.992] {Default Queue} wl_buffer#16.release()
[ 280571.001] {Default Queue} wl_callback#147.done(28833395)
[ 280588.379] {Default Queue}  -> wl_surface#3.set_buffer_scale(1)
[ 280588.457] {Default Queue}  -> wl_surface#3.attach(wl_buffer#16, 0, 0)
[ 280588.469] {Default Queue}  -> wl_surface#3.damage_buffer(0, 0, 304, 56)
[ 280588.480] {Default Queue}  -> wl_surface#3.frame(new id wl_callback#148)
[ 280588.489] {Default Queue}  -> wl_surface#3.commit()
[ 280588.789] {Default Queue} wl_buffer#14.release()
[ 280591.029] {Display Queue} wl_display#1.delete_id(148)
[ 280591.050] {Default Queue} wl_callback#148.done(28833420)
[ 280606.800] {Default Queue}  -> wl_surface#3.set_buffer_scale(1)
[ 280606.854] {Default Queue}  -> wl_surface#3.attach(wl_buffer#14, 0, 0)
[ 280606.865] {Default Queue}  -> wl_surface#3.damage_buffer(0, 0, 304, 56)
[ 280606.874] {Default Queue}  -> wl_surface#3.frame(new id wl_callback#149)
[ 280606.883] {Default Queue}  -> wl_surface#3.commit()
[ 280607.979] {Display Queue} wl_display#1.delete_id(149)
[ 280608.019] {Default Queue} wl_buffer#16.release()
[ 280608.028] {Default Queue} wl_callback#149.done(28833437)
[ 280625.189] {Default Queue}  -> wl_surface#3.set_buffer_scale(1)
[ 280625.237] {Default Queue}  -> wl_surface#3.attach(wl_buffer#16, 0, 0)
[ 280625.253] {Default Queue}  -> wl_surface#3.damage_buffer(0, 0, 304, 56)
[ 280625.266] {Default Queue}  -> wl_surface#3.frame(new id wl_callback#150)
[ 280625.279] {Default Queue}  -> wl_surface#3.commit()
[ 280625.454] {Default Queue} wl_buffer#14.release()
[ 280632.563] {Display Queue} wl_display#1.delete_id(150)
[ 280632.614] {Default Queue} wl_callback#150.done(28833462)
[ 280636.648] {Default Queue}  -> wl_surface#3.set_buffer_scale(1)
[ 280636.688] {Default Queue}  -> wl_surface#3.attach(wl_buffer#14, 0, 0)
[ 280636.698] {Default Queue}  -> wl_surface#3.damage_buffer(0, 0, 304, 56)
[ 280636.707] {Default Queue}  -> wl_surface#3.frame(new id wl_callback#151)
[ 280636.714] {Default Queue}  -> wl_surface#3.commit()
[ 280636.861] {Default Queue} wl_buffer#16.release()
[ 280640.731] {Display Queue} wl_display#1.delete_id(151)
[ 280640.778] {Default Queue} wl_callback#151.done(28833470)
[ 280645.464] {Default Queue}  -> wl_surface#3.set_buffer_scale(1)
[ 280645.495] {Default Queue}  -> wl_surface#3.attach(wl_buffer#16, 0, 0)
[ 280645.500] {Default Queue}  -> wl_surface#3.damage_buffer(0, 0, 304, 56)
[ 280645.505] {Default Queue}  -> wl_surface#3.frame(new id wl_callback#152)
[ 280645.509] {Default Queue}  -> wl_surface#3.commit()
[ 280645.737] {Default Queue} wl_buffer#14.release()
[ 280648.657] {Display Queue} wl_display#1.delete_id(152)
[ 280648.679] {Default Queue} wl_callback#152.done(28833479)
[ 280668.204] {Default Queue}  -> wl_surface#3.set_buffer_scale(1)
[ 280668.246] {Default Queue}  -> wl_surface#3.attach(wl_buffer#14, 0, 0)
[ 280668.257] {Default Queue}  -> wl_surface#3.damage_buffer(0, 0, 304, 56)
[ 280668.266] {Default Queue}  -> wl_surface#3.frame(new id wl_callback#153)
[ 280668.273] {Default Queue}  -> wl_surface#3.commit()
[ 280668.408] {Default Queue} wl_buffer#16.release()
[ 280674.262] {Display Queue} wl_display#1.delete_id(153)
[ 280674.311] {Default Queue} wl_callback#153.done(28833504)
[ 280690.981] {Default Queue}  -> wl_surface#3.set_buffer_scale(1)
[ 280691.021] {Default Queue}  -> wl_surface#3.attach(wl_buffer#16, 0, 0)
[ 280691.032] {Default Queue}  -> wl_surface#3.damage_buffer(0, 0, 304, 56)
[ 280691.041] {Default Queue}  -> wl_surface#3.frame(new id wl_callback#154)
[ 280691.049] {Default Queue}  -> wl_surface#3.commit()
[ 280692.809] {Display Queue} wl_display#1.delete_id(154)
[ 280692.849] {Default Queue} wl_buffer#14.release()
[ 280692.857] {Default Queue} wl_callback#154.done(28833520)
[ 280710.367] {Default Queue}  -> wl_surface#3.set_buffer_scale(1)
[ 280710.404] {Default Queue}  -> wl_surface#3.attach(wl_buffer#14, 0, 0)
[ 280710.408] {Default Queue}  -> wl_surface#3.damage_buffer(0, 0, 304, 56)
[ 280710.411] {Default Queue}  -> wl_surface#3.frame(new id wl_callback#155)
[ 280710.428] {Default Queue}  -> wl_surface#3.commit()
[ 280711.165] {Display Queue} wl_display#1.delete_id(155)
[ 280711.187] {Default Queue} wl_buffer#16.release()
[ 280711.189] {Default Queue} wl_callback#155.done(28833537)
[ 280733.719] {Default Queue}  -> wl_surface#3.set_buffer_scale(1)
[ 280733.760] {Default Queue}  -> wl_surface#3.attach(wl_buffer#16, 0, 0)
[ 280733.777] {Default Queue}  -> wl_surface#3.damage_buffer(0, 0, 304, 56)
[ 280733.786] {Default Queue}  -> wl_surface#3.frame(new id wl_callback#156)
[ 280733.794] {Default Queue}  -> wl_surface#3.commit()
[ 280735.038] {Display Queue} wl_display#1.delete_id(156)
[ 280735.078] {Default Queue} wl_buffer#14.release()
[ 280735.087] {Default Queue} wl_callback#156.done(28833562)
[ 280754.175] {Default Queue}  -> wl_surface#3.set_buffer_scale(1)
[ 280754.216] {Default Queue}  -> wl_surface#3.attach(wl_buffer#14, 0, 0)
[ 280754.226] {Default Queue}  -> wl_surface#3.damage_buffer(0, 0, 304, 56)
[ 280754.235] {Default Queue}  -> wl_surface#3.frame(new id wl_callback#157)
[ 280754.243] {Default Queue}  -> wl_surface#3.commit()
[ 280755.502] {Display Queue} wl_display#1.delete_id(157)
[ 280755.547] {Default Queue} wl_buffer#16.release()
[ 280755.555] {Default Queue} wl_callback#157.done(28833579)
[ 280775.621] {Default Queue}  -> wl_surface#3.set_buffer_scale(1)
[ 280775.665] {Default Queue}  -> wl_surface#3.attach(wl_buffer#16, 0, 0)
[ 280775.676] {Default Queue}  -> wl_surface#3.damage_buffer(0, 0, 304, 56)
[ 280775.685] {Default Queue}  -> wl_surface#3.frame(new id wl_callback#158)
[ 280775.692] {Default Queue}  -> wl_surface#3.commit()
[ 280776.788] {Display Queue} wl_display#1.delete_id(158)
[ 280776.830] {Default Queue} wl_buffer#14.release()
[ 280776.838] {Default Queue} wl_callback#158.done(28833604)
[ 280796.820] {Default Queue}  -> wl_surface#3.set_buffer_scale(1)
[ 280796.864] {Default Queue}  -> wl_surface#3.attach(wl_buffer#14, 0, 0)
[ 280796.875] {Default Queue}  -> wl_surface#3.damage_buffer(0, 0, 304, 56)
[ 280796.885] {Default Queue}  -> wl_surface#3.frame(new id wl_callback#159)
[ 280796.893] {Default Queue}  -> wl_surface#3.commit()
[ 280797.112] {Default Queue} wl_buffer#16.release()
[ 280799.269] {Display Queue} wl_display#1.delete_id(159)
[ 280799.294] {Default Queue} wl_callback#159.done(28833629)
[ 280805.719] {Default Queue}  -> wl_surface#3.set_buffer_scale(1)
[ 280805.756] {Default Queue}  -> wl_surface#3.attach(wl_buffer#16, 0, 0)
[ 280805.766] {Default Queue}  -> wl_surface#3.damage_buffer(0, 0, 304, 56)
[ 280805.775] {Default Queue}  -> wl_surface#3.frame(new id wl_callback#160)
[ 280805.783] {Default Queue}  -> wl_surface#3.commit()
[ 280805.906] {Default Queue} wl_buffer#14.release()
[ 280807.296] {Display Queue} wl_display#1.delete_id(160)
[ 280807.334] {Default Queue} wl_callback#160.done(28833637)
[ 280816.967] {Default Queue}  -> wl_surface#3.set_buffer_scale(1)
[ 280816.998] {Default Queue}  -> wl_surface#3.attach(wl_buffer#14, 0, 0)
[ 280817.004] {Default Queue}  -> wl_surface#3.damage_buffer(0, 0, 304, 56)
[ 280817.009] {Default Queue}  -> wl_surface#3.frame(new id wl_callback#161)
[ 280817.014] {Default Queue}  -> wl_surface#3.commit()
[ 280817.784] {Display Queue} wl_display#1.delete_id(161)
[ 280817.813] {Default Queue} wl_buffer#16.release()
[ 280817.820] {Default Queue} wl_callback#161.done(28833645)
[ 280839.317] {Default Queue}  -> wl_surface#3.set_buffer_scale(1)
[ 280839.367] {Default Queue}  -> wl_surface#3.attach(wl_buffer#16, 0, 0)
[ 280839.376] {Default Queue}  -> wl_surface#3.damage_buffer(0, 0, 304, 56)
[ 280839.384] {Default Queue}  -> wl_surface#3.frame(new id wl_callback#162)
[ 280839.391] {Default Queue}  -> wl_surface#3.commit()
[ 280839.594] {Default Queue} wl_buffer#14.release()
[ 280842.090] {Display Queue} wl_display#1.delete_id(162)
[ 280842.129] {Default Queue} wl_callback#162.done(28833670)
[ 280860.710] {Default Queue}  -> wl_surface#3.set_buffer_scale(1)
[ 280860.764] {Default Queue}  -> wl_surface#3.attach(wl_buffer#14, 0, 0)
[ 280860.775] {Default Queue}  -> wl_surface#3.damage_buffer(0, 0, 304, 56)
[ 280860.784] {Default Queue}  -> wl_surface#3.frame(new id wl_callback#163)
[ 280860.791] {Default Queue}  -> wl_surface#3.commit()
[ 280861.405] {Default Queue} wl_buffer#16.release()
[ 280865.960] {Display Queue} wl_display#1.delete_id(163)
[ 280866.004] {Default Queue} wl_callback#163.done(28833695)
[ 280883.014] {Default Queue}  -> wl_surface#3.set_buffer_scale(1)
[ 280883.061] {Default Queue}  -> wl_surface#3.attach(wl_buffer#16, 0, 0)
[ 280883.072] {Default Queue}  -> wl_surface#3.damage_buffer(0, 0, 304, 56)
[ 280883.082] {Default Queue}  -> wl_surface#3.frame(new id wl_callback#164)
[ 280883.090] {Default Queue}  -> wl_surface#3.commit()
[ 280883.776] {Default Queue} wl_buffer#14.release()
[ 280890.984] {Display Queue} wl_display#1.delete_id(164)
[ 280891.025] {Default Queue} wl_callback#164.done(28833720)
[ 280907.773] {Default Queue}  -> wl_surface#3.set_buffer_scale(1)
[ 280907.820] {Default Queue}  -> wl_surface#3.attach(wl_buffer#14, 0, 0)
[ 280907.831] {Default Queue}  -> wl_surface#3.damage_buffer(0, 0, 304, 56)
[ 280907.840] {Default Queue}  -> wl_surface#3.frame(new id wl_callback#165)
[ 280907.848] {Default Queue}  -> wl_surface#3.commit()
[ 280908.110] {Default Queue} wl_buffer#16.release()
[ 280915.810] {Display Queue} wl_display#1.delete_id(165)
[ 280915.856] {Default Queue} wl_callback#165.done(28833745)
[ 280932.447] {Default Queue}  -> wl_surface#3.set_buffer_scale(1)
[ 280932.490] {Default Queue}  -> wl_surface#3.attach(wl_buffer#16, 0, 0)
[ 280932.500] {Default Queue}  -> wl_surface#3.damage_buffer(0, 0, 304, 56)
[ 280932.509] {Default Queue}  -> wl_surface#3.frame(new id wl_callback#166)
[ 280932.517] {Default Queue}  -> wl_surface#3.commit()
[ 280933.578] {Display Queue} wl_display#1.delete_id(166)
[ 280933.620] {Default Queue} wl_buffer#14.release()
[ 280933.629] {Default Queue} wl_callback#166.done(28833762)
[ 280953.701] {Default Queue}  -> wl_surface#3.set_buffer_scale(1)
[ 280953.732] {Default Queue}  -> wl_surface#3.attach(wl_buffer#14, 0, 0)
[ 280953.738] {Default Queue}  -> wl_surface#3.damage_buffer(0, 0, 304, 56)
[ 280953.743] {Default Queue}  -> wl_surface#3.frame(new id wl_callback#167)
[ 280953.747] {Default Queue}  -> wl_surface#3.commit()
[ 280954.511] {Display Queue} wl_display#1.delete_id(167)
[ 280954.533] {Default Queue} wl_buffer#16.release()
[ 280954.537] {Default Queue} wl_callback#167.done(28833770)
[ 280975.402] {Default Queue}  -> wl_surface#3.set_buffer_scale(1)
[ 280975.453] {Default Queue}  -> wl_surface#3.attach(wl_buffer#16, 0, 0)
[ 280975.464] {Default Queue}  -> wl_surface#3.damage_buffer(0, 0, 304, 56)
[ 280975.473] {Default Queue}  -> wl_surface#3.frame(new id wl_callback#168)
[ 280975.491] {Default Queue}  -> wl_surface#3.commit()
[ 280976.785] {Display Queue} wl_display#1.delete_id(168)
[ 280976.826] {Default Queue} wl_buffer#14.release()
[ 280976.835] {Default Queue} wl_callback#168.done(28833795)
[ 280997.820] {Default Queue}  -> wl_surface#3.set_buffer_scale(1)
[ 280997.863] {Default Queue}  -> wl_surface#3.attach(wl_buffer#14, 0, 0)
[ 280997.873] {Default Queue}  -> wl_surface#3.damage_buffer(0, 0, 304, 56)
[ 280997.882] {Default Queue}  -> wl_surface#3.frame(new id wl_callback#169)
[ 280997.890] {Default Queue}  -> wl_surface#3.commit()
[ 280999.160] {Display Queue} wl_display#1.delete_id(169)
[ 280999.203] {Default Queue} wl_buffer#16.release()
[ 280999.212] {Default Queue} wl_callback#169.done(28833820)
[ 281006.306] {Default Queue}  -> wl_surface#3.set_buffer_scale(1)
[ 281006.348] {Default Queue}  -> wl_surface#3.attach(wl_buffer#16, 0, 0)
[ 281006.359] {Default Queue}  -> wl_surface#3.damage_buffer(0, 0, 304, 56)
[ 281006.367] {Default Queue}  -> wl_surface#3.frame(new id wl_callback#170)
[ 281006.375] {Default Queue}  -> wl_surface#3.commit()
[ 281007.387] {Display Queue} wl_display#1.delete_id(170)
[ 281007.444] {Default Queue} wl_buffer#14.release()
[ 281007.478] {Default Queue} wl_callback#170.done(28833820)
[ 281029.448] {Default Queue}  -> wl_surface#3.set_buffer_scale(1)
[ 281029.495] {Default Queue}  -> wl_surface#3.attach(wl_buffer#14, 0, 0)
[ 281029.506] {Default Queue}  -> wl_surface#3.damage_buffer(0, 0, 304, 56)
[ 281029.515] {Default Queue}  -> wl_surface#3.frame(new id wl_callback#171)
[ 281029.523] {Default Queue}  -> wl_surface#3.commit()
[ 281029.686] {Default Queue} wl_buffer#16.release()
[ 281032.553] {Display Queue} wl_display#1.delete_id(171)
[ 281032.589] {Default Queue} wl_callback#171.done(28833862)
[ 281050.051] {Default Queue}  -> wl_surface#3.set_buffer_scale(1)
[ 281050.097] {Default Queue}  -> wl_surface#3.attach(wl_buffer#16, 0, 0)
[ 281050.108] {Default Queue}  -> wl_surface#3.damage_buffer(0, 0, 304, 56)
[ 281050.119] {Default Queue}  -> wl_surface#3.frame(new id wl_callback#172)
[ 281050.127] {Default Queue}  -> wl_surface#3.commit()
[ 281050.254] {Default Queue} wl_buffer#14.release()
[ 281059.584] {Display Queue} wl_display#1.delete_id(172)
[ 281059.627] {Default Queue} wl_callback#172.done(28833887)
[ 281070.287] {Default Queue}  -> wl_surface#3.set_buffer_scale(1)
[ 281070.324] {Default Queue}  -> wl_surface#3.attach(wl_buffer#14, 0, 0)
[ 281070.335] {Default Queue}  -> wl_surface#3.damage_buffer(0, 0, 304, 56)
[ 281070.344] {Default Queue}  -> wl_surface#3.frame(new id wl_callback#173)
[ 281070.351] {Default Queue}  -> wl_surface#3.commit()
[ 281071.285] {Display Queue} wl_display#1.delete_id(173)
[ 281071.324] {Default Queue} wl_buffer#16.release()
[ 281071.333] {Default Queue} wl_callback#173.done(28833895)
[ 281085.217] {Default Queue}  -> wl_surface#3.set_buffer_scale(1)
[ 281085.263] {Default Queue}  -> wl_surface#3.attach(wl_buffer#16, 0, 0)
[ 281085.274] {Default Queue}  -> wl_surface#3.damage_buffer(0, 0, 304, 56)
[ 281085.284] {Default Queue}  -> wl_surface#3.frame(new id wl_callback#174)
[ 281085.292] {Default Queue}  -> wl_surface#3.commit()
[ 281086.339] {Default Queue} wl_buffer#14.release()
[ 281090.837] {Display Queue} wl_display#1.delete_id(174)
[ 281090.877] {Default Queue} wl_callback#174.done(28833920)
[ 281104.015] {Default Queue}  -> wl_surface#3.set_buffer_scale(1)
[ 281104.048] {Default Queue}  -> wl_surface#3.attach(wl_buffer#14, 0, 0)
[ 281104.054] {Default Queue}  -> wl_surface#3.damage_buffer(0, 0, 304, 56)
[ 281104.059] {Default Queue}  -> wl_surface#3.frame(new id wl_callback#175)
[ 281104.064] {Default Queue}  -> wl_surface#3.commit()
[ 281104.168] {Default Queue} wl_buffer#16.release()
[ 281107.267] {Display Queue} wl_display#1.delete_id(175)
[ 281107.308] {Default Queue} wl_callback#175.done(28833937)
[ 281125.164] {Default Queue}  -> wl_surface#3.set_buffer_scale(1)
[ 281125.208] {Default Queue}  -> wl_surface#3.attach(wl_buffer#16, 0, 0)
[ 281125.220] {Default Queue}  -> wl_surface#3.damage_buffer(0, 0, 304, 56)
[ 281125.240] {Default Queue}  -> wl_surface#3.frame(new id wl_callback#176)
[ 281125.260] {Default Queue}  -> wl_surface#3.commit()
[ 281125.797] {Default Queue} wl_buffer#14.release()
[ 281132.629] {Display Queue} wl_display#1.delete_id(176)
[ 281132.678] {Default Queue} wl_callback#176.done(28833962)
[ 281146.239] {Default Queue}  -> wl_surface#3.set_buffer_scale(1)
[ 281146.291] {Default Queue}  -> wl_surface#3.attach(wl_buffer#14, 0, 0)
[ 281146.302] {Default Queue}  -> wl_surface#3.damage_buffer(0, 0, 304, 56)
[ 281146.313] {Default Queue}  -> wl_surface#3.frame(new id wl_callback#177)
[ 281146.321] {Default Queue}  -> wl_surface#3.commit()
[ 281146.526] {Default Queue} wl_buffer#16.release()
[ 281150.225] {Display Queue} wl_display#1.delete_id(177)
[ 281150.276] {Default Queue} wl_callback#177.done(28833979)
[ 281167.333] {Default Queue}  -> wl_surface#3.set_buffer_scale(1)
[ 281167.385] {Default Queue}  -> wl_surface#3.attach(wl_buffer#16, 0, 0)
[ 281167.399] {Default Queue}  -> wl_surface#3.damage_buffer(0, 0, 304, 56)
[ 281167.410] {Default Queue}  -> wl_surface#3.frame(new id wl_callback#178)
[ 281167.438] {Default Queue}  -> wl_surface#3.commit()
[ 281168.788] {Display Queue} wl_display#1.delete_id(178)
[ 281168.813] {Default Queue} wl_buffer#14.release()
[ 281168.821] {Default Queue} wl_callback#178.done(28833995)
[ 281188.224] {Default Queue}  -> wl_surface#3.set_buffer_scale(1)
[ 281188.273] {Default Queue}  -> wl_surface#3.attach(wl_buffer#14, 0, 0)
[ 281188.285] {Default Queue}  -> wl_surface#3.damage_buffer(0, 0, 304, 56)
[ 281188.296] {Default Queue}  -> wl_surface#3.frame(new id wl_callback#179)
[ 281188.305] {Default Queue}  -> wl_surface#3.commit()
[ 281189.747] {Display Queue} wl_display#1.delete_id(179)
[ 281189.791] {Default Queue} wl_buffer#16.release()
[ 281189.800] {Default Queue} wl_callback#179.done(28834012)
[ 281205.377] {Default Queue}  -> wl_surface#3.set_buffer_scale(1)
[ 281205.408] {Default Queue}  -> wl_surface#3.attach(wl_buffer#16, 0, 0)
[ 281205.422] {Default Queue}  -> wl_surface#3.damage_buffer(0, 0, 304, 56)
[ 281205.428] {Default Queue}  -> wl_surface#3.frame(new id wl_callback#180)
[ 281205.431] {Default Queue}  -> wl_surface#3.commit()
[ 281205.567] {Default Queue} wl_buffer#14.release()
[ 281209.135] {Display Queue} wl_display#1.delete_id(180)
[ 281209.156] {Default Queue} wl_callback#180.done(28834029)
[ 281223.143] {Default Queue}  -> wl_surface#3.set_buffer_scale(1)
[ 281223.198] {Default Queue}  -> wl_surface#3.attach(wl_buffer#14, 0, 0)
[ 281223.207] {Default Queue}  -> wl_surface#3.damage_buffer(0, 0, 304, 56)
[ 281223.215] {Default Queue}  -> wl_surface#3.frame(new id wl_callback#181)
[ 281223.221] {Default Queue}  -> wl_surface#3.commit()
[ 281224.521] {Display Queue} wl_display#1.delete_id(181)
[ 281224.564] {Default Queue} wl_buffer#16.release()
[ 281224.572] {Default Queue} wl_callback#181.done(28834045)
[ 281241.563] {Default Queue}  -> wl_surface#3.set_buffer_scale(1)
[ 281241.610] {Default Queue}  -> wl_surface#3.attach(wl_buffer#16, 0, 0)
[ 281241.622] {Default Queue}  -> wl_surface#3.damage_buffer(0, 0, 304, 56)
[ 281241.632] {Default Queue}  -> wl_surface#3.frame(new id wl_callback#182)
[ 281241.640] {Default Queue}  -> wl_surface#3.commit()
[ 281242.972] {Display Queue} wl_display#1.delete_id(182)
[ 281243.014] {Default Queue} wl_buffer#14.release()
[ 281243.024] {Default Queue} wl_callback#182.done(28834070)
[ 281260.098] {Default Queue}  -> wl_surface#3.set_buffer_scale(1)
[ 281260.153] {Default Queue}  -> wl_surface#3.attach(wl_buffer#14, 0, 0)
[ 281260.166] {Default Queue}  -> wl_surface#3.damage_buffer(0, 0, 304, 56)
[ 281260.176] {Default Queue}  -> wl_surface#3.frame(new id wl_callback#183)
[ 281260.186] {Default Queue}  -> wl_surface#3.commit()
[ 281260.363] {Default Queue} wl_buffer#16.release()
[ 281266.066] {Display Queue} wl_display#1.delete_id(183)
[ 281266.118] {Default Queue} wl_callback#183.done(28834095)
[ 281278.151] {Default Queue}  -> wl_surface#3.set_buffer_scale(1)
[ 281278.195] {Default Queue}  -> wl_surface#3.attach(wl_buffer#16, 0, 0)
[ 281278.219] {Default Queue}  -> wl_surface#3.damage_buffer(0, 0, 304, 56)
[ 281278.241] {Default Queue}  -> wl_surface#3.frame(new id wl_callback#184)
[ 281278.249] {Default Queue}  -> wl_surface#3.commit()
[ 281278.478] {Default Queue} wl_buffer#14.release()
[ 281283.672] {Display Queue} wl_display#1.delete_id(184)
[ 281283.703] {Default Queue} wl_callback#184.done(28834112)
[ 281295.960] {Default Queue}  -> wl_surface#3.set_buffer_scale(1)
[ 281296.002] {Default Queue}  -> wl_surface#3.attach(wl_buffer#14, 0, 0)
[ 281296.014] {Default Queue}  -> wl_surface#3.damage_buffer(0, 0, 304, 56)
[ 281296.022] {Default Queue}  -> wl_surface#3.frame(new id wl_callback#185)
[ 281296.030] {Default Queue}  -> wl_surface#3.commit()
[ 281296.254] {Default Queue} wl_buffer#16.release()
[ 281299.296] {Display Queue} wl_display#1.delete_id(185)
[ 281299.325] {Default Queue} wl_callback#185.done(28834129)
[ 281314.052] {Default Queue}  -> wl_surface#3.set_buffer_scale(1)
[ 281314.093] {Default Queue}  -> wl_surface#3.attach(wl_buffer#16, 0, 0)
[ 281314.104] {Default Queue}  -> wl_surface#3.damage_buffer(0, 0, 304, 56)
[ 281314.114] {Default Queue}  -> wl_surface#3.frame(new id wl_callback#186)
[ 281314.122] {Default Queue}  -> wl_surface#3.commit()
[ 281316.014] {Display Queue} wl_display#1.delete_id(186)
[ 281316.059] {Default Queue} wl_buffer#14.release()
[ 281316.070] {Default Queue} wl_callback#186.done(28834137)
[ 281332.157] {Default Queue}  -> wl_surface#3.set_buffer_scale(1)
[ 281332.203] {Default Queue}  -> wl_surface#3.attach(wl_buffer#14, 0, 0)
[ 281332.214] {Default Queue}  -> wl_surface#3.damage_buffer(0, 0, 304, 56)
[ 281332.224] {Default Queue}  -> wl_surface#3.frame(new id wl_callback#187)
[ 281332.232] {Default Queue}  -> wl_surface#3.commit()
[ 281333.700] {Display Queue} wl_display#1.delete_id(187)
[ 281333.748] {Default Queue} wl_buffer#16.release()
[ 281333.757] {Default Queue} wl_callback#187.done(28834154)
[ 281350.212] {Default Queue}  -> wl_surface#3.set_buffer_scale(1)
[ 281350.261] {Default Queue}  -> wl_surface#3.attach(wl_buffer#16, 0, 0)
[ 281350.272] {Default Queue}  -> wl_surface#3.damage_buffer(0, 0, 304, 56)
[ 281350.282] {Default Queue}  -> wl_surface#3.frame(new id wl_callback#188)
[ 281350.291] {Default Queue}  -> wl_surface#3.commit()
[ 281351.582] {Display Queue} wl_display#1.delete_id(188)
[ 281351.628] {Default Queue} wl_buffer#14.release()
[ 281351.637] {Default Queue} wl_callback#188.done(28834179)
[ 281370.726] {Default Queue}  -> wl_surface#3.set_buffer_scale(1)
[ 281370.775] {Default Queue}  -> wl_surface#3.attach(wl_buffer#14, 0, 0)
[ 281370.789] {Default Queue}  -> wl_surface#3.damage_buffer(0, 0, 304, 56)
[ 281370.799] {Default Queue}  -> wl_surface#3.frame(new id wl_callback#189)
[ 281370.807] {Default Queue}  -> wl_surface#3.commit()
[ 281371.978] {Display Queue} wl_display#1.delete_id(189)
[ 281372.018] {Default Queue} wl_buffer#16.release()
[ 281372.030] {Default Queue} wl_callback#189.done(28834195)
[ 281390.135] {Default Queue}  -> wl_surface#3.set_buffer_scale(1)
[ 281390.181] {Default Queue}  -> wl_surface#3.attach(wl_buffer#16, 0, 0)
[ 281390.191] {Default Queue}  -> wl_surface#3.damage_buffer(0, 0, 304, 56)
[ 281390.200] {Default Queue}  -> wl_surface#3.frame(new id wl_callback#190)
[ 281390.208] {Default Queue}  -> wl_surface#3.commit()
[ 281391.059] {Default Queue} wl_buffer#14.release()
[ 281399.590] {Display Queue} wl_display#1.delete_id(190)
[ 281399.640] {Default Queue} wl_callback#190.done(28834229)
[ 281413.344] {Default Queue}  -> wl_surface#3.set_buffer_scale(1)
[ 281413.395] {Default Queue}  -> wl_surface#3.attach(wl_buffer#14, 0, 0)
[ 281413.406] {Default Queue}  -> wl_surface#3.damage_buffer(0, 0, 304, 56)
[ 281413.426] {Default Queue}  -> wl_surface#3.frame(new id wl_callback#191)
[ 281413.435] {Default Queue}  -> wl_surface#3.commit()
[ 281413.703] {Default Queue} wl_buffer#16.release()
[ 281416.472] {Display Queue} wl_display#1.delete_id(191)
[ 281416.506] {Default Queue} wl_callback#191.done(28834245)
[ 281433.787] {Default Queue}  -> wl_surface#3.set_buffer_scale(1)
[ 281433.853] {Default Queue}  -> wl_surface#3.attach(wl_buffer#16, 0, 0)
[ 281433.880] {Default Queue}  -> wl_surface#3.damage_buffer(0, 0, 304, 56)
[ 281433.892] {Default Queue}  -> wl_surface#3.frame(new id wl_callback#192)
[ 281433.901] {Default Queue}  -> wl_surface#3.commit()
[ 281435.444] {Display Queue} wl_display#1.delete_id(192)
[ 281435.492] {Default Queue} wl_buffer#14.release()
[ 281435.501] {Default Queue} wl_callback#192.done(28834262)
[ 281453.547] {Default Queue}  -> wl_surface#3.set_buffer_scale(1)
[ 281453.593] {Default Queue}  -> wl_surface#3.attach(wl_buffer#14, 0, 0)
[ 281453.600] {Default Queue}  -> wl_surface#3.damage_buffer(0, 0, 304, 56)
[ 281453.606] {Default Queue}  -> wl_surface#3.frame(new id wl_callback#193)
[ 281453.611] {Default Queue}  -> wl_surface#3.commit()
[ 281453.791] {Default Queue} wl_buffer#16.release()
[ 281457.389] {Display Queue} wl_display#1.delete_id(193)
[ 281457.423] {Default Queue} wl_callback#193.done(28834287)
[ 281472.092] {Default Queue}  -> wl_surface#3.set_buffer_scale(1)
[ 281472.137] {Default Queue}  -> wl_surface#3.attach(wl_buffer#16, 0, 0)
[ 281472.145] {Default Queue}  -> wl_surface#3.damage_buffer(0, 0, 304, 56)
[ 281472.151] {Default Queue}  -> wl_surface#3.frame(new id wl_callback#194)
[ 281472.156] {Default Queue}  -> wl_surface#3.commit()
[ 281472.277] {Default Queue} wl_buffer#14.release()
[ 281475.143] {Display Queue} wl_display#1.delete_id(194)
[ 281475.164] {Default Queue} wl_callback#194.done(28834304)
[ 281492.496] {Default Queue}  -> wl_surface#3.set_buffer_scale(1)
[ 281492.540] {Default Queue}  -> wl_surface#3.attach(wl_buffer#14, 0, 0)
[ 281492.551] {Default Queue}  -> wl_surface#3.damage_buffer(0, 0, 304, 56)
[ 281492.561] {Default Queue}  -> wl_surface#3.frame(new id wl_callback#195)
[ 281492.569] {Default Queue}  -> wl_surface#3.commit()
[ 281492.660] {Default Queue} wl_buffer#16.release()
[ 281499.372] {Display Queue} wl_display#1.delete_id(195)
[ 281499.428] {Default Queue} wl_callback#195.done(28834329)
[ 281513.150] {Default Queue}  -> wl_surface#3.set_buffer_scale(1)
[ 281513.201] {Default Queue}  -> wl_surface#3.attach(wl_buffer#16, 0, 0)
[ 281513.211] {Default Queue}  -> wl_surface#3.damage_buffer(0, 0, 304, 56)
[ 281513.221] {Default Queue}  -> wl_surface#3.frame(new id wl_callback#196)
[ 281513.228] {Default Queue}  -> wl_surface#3.commit()
[ 281514.444] {Display Queue} wl_display#1.delete_id(196)
[ 281514.482] {Default Queue} wl_buffer#14.release()
[ 281514.490] {Default Queue} wl_callback#196.done(28834337)
[ 281534.666] {Default Queue}  -> wl_surface#3.set_buffer_scale(1)
[ 281534.742] {Default Queue}  -> wl_surface#3.attach(wl_buffer#14, 0, 0)
[ 281534.759] {Default Queue}  -> wl_surface#3.damage_buffer(0, 0, 304, 56)
[ 281534.775] {Default Queue}  -> wl_surface#3.frame(new id wl_callback#197)
[ 281534.785] {Default Queue}  -> wl_surface#3.commit()
[ 281536.061] {Display Queue} wl_display#1.delete_id(197)
[ 281536.105] {Default Queue} wl_buffer#16.release()
[ 281536.115] {Default Queue} wl_callback#197.done(28834362)
[ 281556.071] {Default Queue}  -> wl_surface#3.set_buffer_scale(1)
[ 281556.119] {Default Queue}  -> wl_surface#3.attach(wl_buffer#16, 0, 0)
[ 281556.131] {Default Queue}  -> wl_surface#3.damage_buffer(0, 0, 304, 56)
[ 281556.141] {Default Queue}  -> wl_surface#3.frame(new id wl_callback#198)
[ 281556.150] {Default Queue}  -> wl_surface#3.commit()
[ 281556.355] {Default Queue} wl_buffer#14.release()
[ 281559.275] {Display Queue} wl_display#1.delete_id(198)
[ 281559.304] {Default Queue} wl_callback#198.done(28834387)
[ 281573.919] {Default Queue}  -> wl_surface#3.set_buffer_scale(1)
[ 281573.970] {Default Queue}  -> wl_surface#3.attach(wl_buffer#14, 0, 0)
[ 281573.982] {Default Queue}  -> wl_surface#3.damage_buffer(0, 0, 304, 56)
[ 281573.991] {Default Queue}  -> wl_surface#3.frame(new id wl_callback#199)
[ 281573.998] {Default Queue}  -> wl_surface#3.commit()
[ 281574.158] {Default Queue} wl_buffer#16.release()
[ 281575.225] {Display Queue} wl_display#1.delete_id(199)
[ 281575.264] {Default Queue} wl_callback#199.done(28834404)
[ 281592.432] {Default Queue}  -> wl_surface#3.set_buffer_scale(1)
[ 281594.020] {Default Queue}  -> wl_surface#3.attach(wl_buffer#16, 0, 0)
[ 281594.047] {Default Queue}  -> wl_surface#3.damage_buffer(0, 0, 304, 56)
[ 281594.063] {Default Queue}  -> wl_surface#3.frame(new id wl_callback#200)
[ 281594.076] {Default Queue}  -> wl_surface#3.commit()
[ 281594.237] {Default Queue} wl_buffer#14.release()
[ 281599.501] {Display Queue} wl_display#1.delete_id(200)
[ 281599.548] {Default Queue} wl_callback#200.done(28834429)
[ 281612.190] {Default Queue}  -> wl_surface#3.set_buffer_scale(1)
[ 281612.239] {Default Queue}  -> wl_surface#3.attach(wl_buffer#14, 0, 0)
[ 281612.251] {Default Queue}  -> wl_surface#3.damage_buffer(0, 0, 304, 56)
[ 281612.261] {Default Queue}  -> wl_surface#3.frame(new id wl_callback#201)
[ 281612.270] {Default Queue}  -> wl_surface#3.commit()
[ 281612.766] {Default Queue} wl_buffer#16.release()
[ 281617.368] {Display Queue} wl_display#1.delete_id(201)
[ 281617.430] {Default Queue} wl_callback#201.done(28834445)
[ 281630.541] {Default Queue}  -> wl_surface#3.set_buffer_scale(1)
[ 281630.594] {Default Queue}  -> wl_surface#3.attach(wl_buffer#16, 0, 0)
[ 281630.607] {Default Queue}  -> wl_surface#3.damage_buffer(0, 0, 304, 56)
[ 281630.617] {Default Queue}  -> wl_surface#3.frame(new id wl_callback#202)
[ 281630.626] {Default Queue}  -> wl_surface#3.commit()
[ 281630.838] {Default Queue} wl_buffer#14.release()
[ 281632.908] {Display Queue} wl_display#1.delete_id(202)
[ 281632.928] {Default Queue} wl_callback#202.done(28834454)
[ 281648.921] {Default Queue}  -> wl_surface#3.set_buffer_scale(1)
[ 281648.969] {Default Queue}  -> wl_surface#3.attach(wl_buffer#14, 0, 0)
[ 281648.982] {Default Queue}  -> wl_surface#3.damage_buffer(0, 0, 304, 56)
[ 281648.993] {Default Queue}  -> wl_surface#3.frame(new id wl_callback#203)
[ 281649.002] {Default Queue}  -> wl_surface#3.commit()
[ 281649.729] {Default Queue} wl_buffer#16.release()
[ 281657.832] {Display Queue} wl_display#1.delete_id(203)
[ 281657.880] {Default Queue} wl_callback#203.done(28834487)
[ 281667.352] {Default Queue}  -> wl_surface#3.set_buffer_scale(1)
[ 281667.428] {Default Queue}  -> wl_surface#3.attach(wl_buffer#16, 0, 0)
[ 281667.445] {Default Queue}  -> wl_surface#3.damage_buffer(0, 0, 304, 56)
[ 281667.458] {Default Queue}  -> wl_surface#3.frame(new id wl_callback#204)
[ 281667.468] {Default Queue}  -> wl_surface#3.commit()
[ 281667.675] {Default Queue} wl_buffer#14.release()
[ 281675.391] {Display Queue} wl_display#1.delete_id(204)
[ 281675.457] {Default Queue} wl_callback#204.done(28834504)
[ 281685.864] {Default Queue}  -> wl_surface#3.set_buffer_scale(1)
[ 281685.915] {Default Queue}  -> wl_surface#3.attach(wl_buffer#14, 0, 0)
[ 281685.927] {Default Queue}  -> wl_surface#3.damage_buffer(0, 0, 304, 56)
[ 281685.937] {Default Queue}  -> wl_surface#3.frame(new id wl_callback#205)
[ 281685.946] {Default Queue}  -> wl_surface#3.commit()
[ 281686.079] {Default Queue} wl_buffer#16.release()
[ 281691.530] {Display Queue} wl_display#1.delete_id(205)
[ 281691.593] {Default Queue} wl_callback#205.done(28834520)
[ 281704.009] {Default Queue}  -> wl_surface#3.set_buffer_scale(1)
[ 281704.054] {Default Queue}  -> wl_surface#3.attach(wl_buffer#16, 0, 0)
[ 281704.066] {Default Queue}  -> wl_surface#3.damage_buffer(0, 0, 304, 56)
[ 281704.075] {Default Queue}  -> wl_surface#3.frame(new id wl_callback#206)
[ 281704.084] {Default Queue}  -> wl_surface#3.commit()
[ 281704.790] {Default Queue} wl_buffer#14.release()
[ 281707.426] {Display Queue} wl_display#1.delete_id(206)
[ 281707.455] {Default Queue} wl_callback#206.done(28834537)
[ 281721.327] {Default Queue}  -> wl_surface#3.set_buffer_scale(1)
[ 281721.372] {Default Queue}  -> wl_surface#3.attach(wl_buffer#14, 0, 0)
[ 281721.380] {Default Queue}  -> wl_surface#3.damage_buffer(0, 0, 304, 56)
[ 281721.386] {Default Queue}  -> wl_surface#3.frame(new id wl_callback#207)
[ 281721.391] {Default Queue}  -> wl_surface#3.commit()
[ 281721.708] {Default Queue} wl_buffer#16.release()
[ 281724.336] {Display Queue} wl_display#1.delete_id(207)
[ 281724.385] {Default Queue} wl_callback#207.done(28834554)
[ 281739.826] {Default Queue}  -> wl_surface#3.set_buffer_scale(1)
[ 281739.873] {Default Queue}  -> wl_surface#3.attach(wl_buffer#16, 0, 0)
[ 281739.887] {Default Queue}  -> wl_surface#3.damage_buffer(0, 0, 304, 56)
[ 281739.898] {Default Queue}  -> wl_surface#3.frame(new id wl_callback#208)
[ 281739.907] {Default Queue}  -> wl_surface#3.commit()
[ 281740.017] {Default Queue} wl_buffer#14.release()
[ 281741.960] {Display Queue} wl_display#1.delete_id(208)
[ 281742.000] {Default Queue} wl_callback#208.done(28834570)
[ 281755.268] {Default Queue}  -> wl_surface#3.set_buffer_scale(1)
[ 281755.317] {Default Queue}  -> wl_surface#3.attach(wl_buffer#14, 0, 0)
[ 281755.329] {Default Queue}  -> wl_surface#3.damage_buffer(0, 0, 304, 56)
[ 281755.339] {Default Queue}  -> wl_surface#3.frame(new id wl_callback#209)
[ 281755.347] {Default Queue}  -> wl_surface#3.commit()
[ 281756.569] {Display Queue} wl_display#1.delete_id(209)
[ 281756.610] {Default Queue} wl_buffer#16.release()
[ 281756.619] {Default Queue} wl_callback#209.done(28834579)
[ 281773.556] {Default Queue}  -> wl_surface#3.set_buffer_scale(1)
[ 281773.589] {Default Queue}  -> wl_surface#3.attach(wl_buffer#16, 0, 0)
[ 281773.594] {Default Queue}  -> wl_surface#3.damage_buffer(0, 0, 304, 56)
[ 281773.598] {Default Queue}  -> wl_surface#3.frame(new id wl_callback#210)
[ 281773.601] {Default Queue}  -> wl_surface#3.commit()
[ 281773.690] {Default Queue} wl_buffer#14.release()
[ 281775.495] {Display Queue} wl_display#1.delete_id(210)
[ 281775.523] {Default Queue} wl_callback#210.done(28834604)
[ 281802.825] {Default Queue}  -> wl_surface#3.set_buffer_scale(1)
[ 281802.861] {Default Queue}  -> wl_surface#3.attach(wl_buffer#14, 0, 0)
[ 281802.868] {Default Queue}  -> wl_surface#3.damage_buffer(0, 0, 304, 56)
[ 281802.873] {Default Queue}  -> wl_surface#3.frame(new id wl_callback#211)
[ 281802.878] {Default Queue}  -> wl_surface#3.commit()
[ 281804.442] {Default Queue} wl_buffer#16.release()
[ 281808.455] {Display Queue} wl_display#1.delete_id(211)
[ 281808.494] {Default Queue} wl_callback#211.done(28834637)
[ 281825.823] {Default Queue}  -> wl_surface#3.set_buffer_scale(1)
[ 281825.883] {Default Queue}  -> wl_surface#3.attach(wl_buffer#16, 0, 0)
[ 281825.892] {Default Queue}  -> wl_surface#3.damage_buffer(0, 0, 304, 56)
[ 281825.899] {Default Queue}  -> wl_surface#3.frame(new id wl_callback#212)
[ 281825.903] {Default Queue}  -> wl_surface#3.commit()
[ 281827.498] {Display Queue} wl_display#1.delete_id(212)
[ 281827.541] {Default Queue} wl_buffer#14.release()
[ 281827.547] {Default Queue} wl_callback#212.done(28834654)
[ 281845.248] {Default Queue}  -> wl_surface#3.set_buffer_scale(1)
[ 281845.288] {Default Queue}  -> wl_surface#3.attach(wl_buffer#14, 0, 0)
[ 281845.295] {Default Queue}  -> wl_surface#3.damage_buffer(0, 0, 304, 56)
[ 281845.301] {Default Queue}  -> wl_surface#3.frame(new id wl_callback#213)
[ 281845.305] {Default Queue}  -> wl_surface#3.commit()
[ 281845.594] {Default Queue} wl_buffer#16.release()
[ 281848.997] {Display Queue} wl_display#1.delete_id(213)
[ 281849.030] {Default Queue} wl_callback#213.done(28834679)
[ 281863.425] {Default Queue}  -> wl_surface#3.set_buffer_scale(1)
[ 281863.455] {Default Queue}  -> wl_surface#3.attach(wl_buffer#16, 0, 0)
[ 281863.459] {Default Queue}  -> wl_surface#3.damage_buffer(0, 0, 304, 56)
[ 281863.463] {Default Queue}  -> wl_surface#3.frame(new id wl_callback#214)
[ 281863.466] {Default Queue}  -> wl_surface#3.commit()
[ 281863.579] {Default Queue} wl_buffer#14.release()
[ 281865.699] {Display Queue} wl_display#1.delete_id(214)
[ 281865.715] {Default Queue} wl_callback#214.done(28834695)
[ 281874.773] {Default Queue}  -> wl_surface#3.set_buffer_scale(1)
[ 281874.819] {Default Queue}  -> wl_surface#3.attach(wl_buffer#14, 0, 0)
[ 281874.826] {Default Queue}  -> wl_surface#3.damage_buffer(0, 0, 304, 56)
[ 281874.832] {Default Queue}  -> wl_surface#3.frame(new id wl_callback#215)
[ 281874.837] {Default Queue}  -> wl_surface#3.commit()
[ 281874.955] {Default Queue} wl_buffer#16.release()
[ 281882.410] {Display Queue} wl_display#1.delete_id(215)
[ 281882.442] {Default Queue} wl_callback#215.done(28834712)
[ 281894.266] {Default Queue}  -> wl_surface#3.set_buffer_scale(1)
[ 281894.297] {Default Queue}  -> wl_surface#3.attach(wl_buffer#16, 0, 0)
[ 281894.303] {Default Queue}  -> wl_surface#3.damage_buffer(0, 0, 304, 56)
[ 281894.309] {Default Queue}  -> wl_surface#3.frame(new id wl_callback#216)
[ 281894.313] {Default Queue}  -> wl_surface#3.commit()
[ 281894.377] {Default Queue} wl_buffer#14.release()
[ 281898.790] {Display Queue} wl_display#1.delete_id(216)
[ 281898.817] {Default Queue} wl_callback#216.done(28834729)
[ 281916.884] {Default Queue}  -> wl_surface#3.set_buffer_scale(1)
[ 281916.950] {Default Queue}  -> wl_surface#3.attach(wl_buffer#14, 0, 0)
[ 281916.957] {Default Queue}  -> wl_surface#3.damage_buffer(0, 0, 304, 56)
[ 281916.964] {Default Queue}  -> wl_surface#3.frame(new id wl_callback#217)
[ 281916.969] {Default Queue}  -> wl_surface#3.commit()
[ 281918.462] {Display Queue} wl_display#1.delete_id(217)
[ 281918.505] {Default Queue} wl_buffer#16.release()
[ 281918.510] {Default Queue} wl_callback#217.done(28834737)
[ 281941.784] {Default Queue}  -> wl_surface#3.set_buffer_scale(1)
[ 281941.824] {Default Queue}  -> wl_surface#3.attach(wl_buffer#16, 0, 0)
[ 281941.830] {Default Queue}  -> wl_surface#3.damage_buffer(0, 0, 304, 56)
[ 281941.836] {Default Queue}  -> wl_surface#3.frame(new id wl_callback#218)
[ 281941.842] {Default Queue}  -> wl_surface#3.commit()
[ 281942.658] {Display Queue} wl_display#1.delete_id(218)
[ 281942.684] {Default Queue} wl_buffer#14.release()
[ 281942.687] {Default Queue} wl_callback#218.done(28834762)
[ 281963.773] {Default Queue}  -> wl_surface#3.set_buffer_scale(1)
[ 281963.815] {Default Queue}  -> wl_surface#3.attach(wl_buffer#14, 0, 0)
[ 281963.822] {Default Queue}  -> wl_surface#3.damage_buffer(0, 0, 304, 56)
[ 281963.828] {Default Queue}  -> wl_surface#3.frame(new id wl_callback#219)
[ 281963.833] {Default Queue}  -> wl_surface#3.commit()
[ 281964.473] {Default Queue} wl_buffer#16.release()
[ 281966.456] {Display Queue} wl_display#1.delete_id(219)
[ 281966.505] {Default Queue} wl_callback#219.done(28834795)
[ 281979.598] {Default Queue}  -> wl_surface#3.set_buffer_scale(1)
[ 281979.632] {Default Queue}  -> wl_surface#3.attach(wl_buffer#16, 0, 0)
[ 281979.640] {Default Queue}  -> wl_surface#3.damage_buffer(0, 0, 304, 56)
[ 281979.646] {Default Queue}  -> wl_surface#3.frame(new id wl_callback#220)
[ 281979.650] {Default Queue}  -> wl_surface#3.commit()
[ 281979.769] {Default Queue} wl_buffer#14.release()
[ 281983.460] {Display Queue} wl_display#1.delete_id(220)
[ 281983.506] {Default Queue} wl_callback#220.done(28834812)
[ 282002.312] {Default Queue}  -> wl_surface#3.set_buffer_scale(1)
[ 282002.365] {Default Queue}  -> wl_surface#3.attach(wl_buffer#14, 0, 0)
[ 282002.373] {Default Queue}  -> wl_surface#3.damage_buffer(0, 0, 304, 56)
[ 282002.379] {Default Queue}  -> wl_surface#3.frame(new id wl_callback#221)
[ 282002.383] {Default Queue}  -> wl_surface#3.commit()
[ 282002.574] {Default Queue} wl_buffer#16.release()
[ 282007.279] {Display Queue} wl_display#1.delete_id(221)
[ 282007.327] {Default Queue} wl_callback#221.done(28834837)
[ 282023.400] {Default Queue}  -> wl_surface#3.set_buffer_scale(1)
[ 282023.436] {Default Queue}  -> wl_surface#3.attach(wl_buffer#16, 0, 0)
[ 282023.442] {Default Queue}  -> wl_surface#3.damage_buffer(0, 0, 304, 56)
[ 282023.448] {Default Queue}  -> wl_surface#3.frame(new id wl_callback#222)
[ 282023.453] {Default Queue}  -> wl_surface#3.commit()
[ 282024.398] {Default Queue} wl_buffer#14.release()
[ 282032.090] {Display Queue} wl_display#1.delete_id(222)
[ 282032.116] {Default Queue} wl_callback#222.done(28834862)
[ 282036.608] {Default Queue}  -> wl_surface#3.set_buffer_scale(1)
[ 282036.638] {Default Queue}  -> wl_surface#3.attach(wl_buffer#14, 0, 0)
[ 282036.642] {Default Queue}  -> wl_surface#3.damage_buffer(0, 0, 304, 56)
[ 282036.646] {Default Queue}  -> wl_surface#3.frame(new id wl_callback#223)
[ 282036.658] {Default Queue}  -> wl_surface#3.commit()
[ 282036.777] {Default Queue} wl_buffer#16.release()
[ 282040.525] {Display Queue} wl_display#1.delete_id(223)
[ 282040.556] {Default Queue} wl_callback#223.done(28834870)
[ 282044.264] {Default Queue}  -> wl_surface#3.set_buffer_scale(1)
[ 282044.290] {Default Queue}  -> wl_surface#3.attach(wl_buffer#16, 0, 0)
[ 282044.294] {Default Queue}  -> wl_surface#3.damage_buffer(0, 0, 304, 56)
[ 282044.298] {Default Queue}  -> wl_surface#3.frame(new id wl_callback#224)
[ 282044.301] {Default Queue}  -> wl_surface#3.commit()
[ 282044.426] {Default Queue} wl_buffer#14.release()
[ 282049.274] {Display Queue} wl_display#1.delete_id(224)
[ 282049.294] {Default Queue} wl_callback#224.done(28834879)
[ 282060.502] {Default Queue}  -> wl_surface#3.set_buffer_scale(1)
[ 282060.535] {Default Queue}  -> wl_surface#3.attach(wl_buffer#14, 0, 0)
[ 282060.540] {Default Queue}  -> wl_surface#3.damage_buffer(0, 0, 304, 56)
[ 282060.545] {Default Queue}  -> wl_surface#3.frame(new id wl_callback#225)
[ 282060.549] {Default Queue}  -> wl_surface#3.commit()
[ 282060.740] {Default Queue} wl_buffer#16.release()
[ 282065.453] {Display Queue} wl_display#1.delete_id(225)
[ 282065.484] {Default Queue} wl_callback#225.done(28834895)
[ 282080.952] {Default Queue}  -> wl_surface#3.set_buffer_scale(1)
[ 282080.990] {Default Queue}  -> wl_surface#3.attach(wl_buffer#16, 0, 0)
[ 282080.995] {Default Queue}  -> wl_surface#3.damage_buffer(0, 0, 304, 56)
[ 282080.999] {Default Queue}  -> wl_surface#3.frame(new id wl_callback#226)
[ 282081.002] {Default Queue}  -> wl_surface#3.commit()
[ 282081.168] {Default Queue} wl_buffer#14.release()
[ 282082.615] {Display Queue} wl_display#1.delete_id(226)
[ 282082.639] {Default Queue} wl_callback#226.done(28834912)
[ 282102.142] {Default Queue}  -> wl_surface#3.set_buffer_scale(1)
[ 282102.170] {Default Queue}  -> wl_surface#3.attach(wl_buffer#14, 0, 0)
[ 282102.175] {Default Queue}  -> wl_surface#3.damage_buffer(0, 0, 304, 56)
[ 282102.178] {Default Queue}  -> wl_surface#3.frame(new id wl_callback#227)
[ 282102.181] {Default Queue}  -> wl_surface#3.commit()
[ 282102.912] {Default Queue} wl_buffer#16.release()
[ 282107.392] {Display Queue} wl_display#1.delete_id(227)
[ 282107.460] {Default Queue} wl_callback#227.done(28834937)
[ 282121.885] {Default Queue}  -> wl_surface#3.set_buffer_scale(1)
[ 282121.924] {Default Queue}  -> wl_surface#3.attach(wl_buffer#16, 0, 0)
[ 282121.932] {Default Queue}  -> wl_surface#3.damage_buffer(0, 0, 304, 56)
[ 282121.938] {Default Queue}  -> wl_surface#3.frame(new id wl_callback#228)
[ 282121.944] {Default Queue}  -> wl_surface#3.commit()
[ 282122.086] {Default Queue} wl_buffer#14.release()
[ 282123.921] {Display Queue} wl_display#1.delete_id(228)
[ 282123.955] {Default Queue} wl_callback#228.done(28834954)
[ 282141.306] {Default Queue}  -> wl_surface#3.set_buffer_scale(1)
[ 282141.335] {Default Queue}  -> wl_surface#3.attach(wl_buffer#14, 0, 0)
[ 282141.339] {Default Queue}  -> wl_surface#3.damage_buffer(0, 0, 304, 56)
[ 282141.343] {Default Queue}  -> wl_surface#3.frame(new id wl_callback#229)
[ 282141.346] {Default Queue}  -> wl_surface#3.commit()
[ 282143.444] {Display Queue} wl_display#1.delete_id(229)
[ 282143.462] {Default Queue} wl_buffer#16.release()
[ 282143.466] {Default Queue} wl_callback#229.done(28834970)
[ 282161.313] {Default Queue}  -> wl_surface#3.set_buffer_scale(1)
[ 282161.341] {Default Queue}  -> wl_surface#3.attach(wl_buffer#16, 0, 0)
[ 282161.346] {Default Queue}  -> wl_surface#3.damage_buffer(0, 0, 304, 56)
[ 282161.351] {Default Queue}  -> wl_surface#3.frame(new id wl_callback#230)
[ 282161.355] {Default Queue}  -> wl_surface#3.commit()
[ 282161.534] {Default Queue} wl_buffer#14.release()
[ 282165.775] {Display Queue} wl_display#1.delete_id(230)
[ 282165.811] {Default Queue} wl_callback#230.done(28834995)
[ 282182.951] {Default Queue}  -> wl_surface#3.set_buffer_scale(1)
[ 282183.002] {Default Queue}  -> wl_surface#3.attach(wl_buffer#14, 0, 0)
[ 282183.016] {Default Queue}  -> wl_surface#3.damage_buffer(0, 0, 304, 56)
[ 282183.041] {Default Queue}  -> wl_surface#3.frame(new id wl_callback#231)
[ 282183.064] {Default Queue}  -> wl_surface#3.commit()
[ 282183.278] {Default Queue} wl_buffer#16.release()
[ 282191.212] {Display Queue} wl_display#1.delete_id(231)
[ 282191.284] {Default Queue} wl_callback#231.done(28835020)
[ 282205.188] {Default Queue}  -> wl_surface#3.set_buffer_scale(1)
[ 282205.240] {Default Queue}  -> wl_surface#3.attach(wl_buffer#16, 0, 0)
[ 282205.250] {Default Queue}  -> wl_surface#3.damage_buffer(0, 0, 304, 56)
[ 282205.260] {Default Queue}  -> wl_surface#3.frame(new id wl_callback#232)
[ 282205.268] {Default Queue}  -> wl_surface#3.commit()
[ 282206.482] {Display Queue} wl_display#1.delete_id(232)
[ 282206.524] {Default Queue} wl_buffer#14.release()
[ 282206.533] {Default Queue} wl_callback#232.done(28835029)
[ 282224.003] {Default Queue}  -> wl_surface#3.set_buffer_scale(1)
[ 282224.044] {Default Queue}  -> wl_surface#3.attach(wl_buffer#14, 0, 0)
[ 282224.056] {Default Queue}  -> wl_surface#3.damage_buffer(0, 0, 304, 56)
[ 282224.066] {Default Queue}  -> wl_surface#3.frame(new id wl_callback#233)
[ 282224.074] {Default Queue}  -> wl_surface#3.commit()
[ 282225.427] {Default Queue} wl_buffer#16.release()
[ 282232.391] {Display Queue} wl_display#1.delete_id(233)
[ 282232.450] {Default Queue} wl_callback#233.done(28835062)
[ 282242.653] {Default Queue}  -> wl_surface#3.set_buffer_scale(1)
[ 282242.697] {Default Queue}  -> wl_surface#3.attach(wl_buffer#16, 0, 0)
[ 282242.710] {Default Queue}  -> wl_surface#3.damage_buffer(0, 0, 304, 56)
[ 282242.721] {Default Queue}  -> wl_surface#3.frame(new id wl_callback#234)
[ 282242.730] {Default Queue}  -> wl_surface#3.commit()
[ 282242.885] {Default Queue} wl_buffer#14.release()
[ 282248.685] {Display Queue} wl_display#1.delete_id(234)
[ 282248.719] {Default Queue} wl_callback#234.done(28835079)
[ 282260.435] {Default Queue}  -> wl_surface#3.set_buffer_scale(1)
[ 282260.474] {Default Queue}  -> wl_surface#3.attach(wl_buffer#14, 0, 0)
[ 282260.477] {Default Queue}  -> wl_surface#3.damage_buffer(0, 0, 304, 56)
[ 282260.481] {Default Queue}  -> wl_surface#3.frame(new id wl_callback#235)
[ 282260.484] {Default Queue}  -> wl_surface#3.commit()
[ 282260.556] {Default Queue} wl_buffer#16.release()
[ 282265.376] {Display Queue} wl_display#1.delete_id(235)
[ 282265.396] {Default Queue} wl_callback#235.done(28835095)
[ 282278.319] {Default Queue}  -> wl_surface#3.set_buffer_scale(1)
[ 282278.356] {Default Queue}  -> wl_surface#3.attach(wl_buffer#16, 0, 0)
[ 282278.361] {Default Queue}  -> wl_surface#3.damage_buffer(0, 0, 304, 56)
[ 282278.364] {Default Queue}  -> wl_surface#3.frame(new id wl_callback#236)
[ 282278.367] {Default Queue}  -> wl_surface#3.commit()
[ 282278.476] {Default Queue} wl_buffer#14.release()
[ 282282.953] {Display Queue} wl_display#1.delete_id(236)
[ 282282.976] {Default Queue} wl_callback#236.done(28835112)
[ 282295.293] {Default Queue}  -> wl_surface#3.set_buffer_scale(1)
[ 282295.317] {Default Queue}  -> wl_surface#3.attach(wl_buffer#14, 0, 0)
[ 282295.321] {Default Queue}  -> wl_surface#3.damage_buffer(0, 0, 304, 56)
[ 282295.325] {Default Queue}  -> wl_surface#3.frame(new id wl_callback#237)
[ 282295.328] {Default Queue}  -> wl_surface#3.commit()
[ 282295.411] {Default Queue} wl_buffer#16.release()
[ 282300.098] {Display Queue} wl_display#1.delete_id(237)
[ 282300.129] {Default Queue} wl_callback#237.done(28835129)
[ 282312.166] {Default Queue}  -> wl_surface#3.set_buffer_scale(1)
[ 282312.197] {Default Queue}  -> wl_surface#3.attach(wl_buffer#16, 0, 0)
[ 282312.204] {Default Queue}  -> wl_surface#3.damage_buffer(0, 0, 304, 56)
[ 282312.209] {Default Queue}  -> wl_surface#3.frame(new id wl_callback#238)
[ 282312.212] {Default Queue}  -> wl_surface#3.commit()
[ 282312.303] {Default Queue} wl_buffer#14.release()
[ 282315.404] {Display Queue} wl_display#1.delete_id(238)
[ 282315.416] {Default Queue} wl_callback#238.done(28835145)
[ 282328.954] {Default Queue}  -> wl_surface#3.set_buffer_scale(1)
[ 282328.978] {Default Queue}  -> wl_surface#3.attach(wl_buffer#14, 0, 0)
[ 282328.988] {Default Queue}  -> wl_surface#3.damage_buffer(0, 0, 304, 56)
[ 282328.999] {Default Queue}  -> wl_surface#3.frame(new id wl_callback#239)
[ 282329.002] {Default Queue}  -> wl_surface#3.commit()
[ 282329.185] {Default Queue} wl_buffer#16.release()
[ 282332.879] {Display Queue} wl_display#1.delete_id(239)
[ 282332.930] {Default Queue} wl_callback#239.done(28835162)
[ 283045.294] {Default Queue}  -> zwlr_layer_surface_v1#12.destroy()
[ 283045.324] {Default Queue}  -> wl_surface#3.destroy()
[ 283231.920] {Default Queue}  -> wl_compositor#4.create_surface(new id wl_surface#240)
[ 283231.977] {Default Queue}  -> zwlr_layer_shell_v1#8.get_layer_surface(new id zwlr_layer_surface_v1#241, wl_surface#240, nil, 3, "showkeys")
[ 283231.997] {Default Queue}  -> zwlr_layer_surface_v1#241.set_keyboard_interactivity(0)
[ 283232.006] {Default Queue}  -> zwlr_layer_surface_v1#241.set_size(1, 1)
[ 283232.015] {Default Queue}  -> zwlr_layer_surface_v1#241.set_anchor(10)
[ 283232.024] {Default Queue}  -> zwlr_layer_surface_v1#241.set_margin(32, 32, 32, 32)
[ 283232.034] {Default Queue}  -> zwlr_layer_surface_v1#241.set_exclusive_zone(-1)
[ 283232.042] {Default Queue}  -> wl_surface#240.commit()
[ 283237.254] {Display Queue} wl_display#1.delete_id(12)
[ 283237.296] {Display Queue} wl_display#1.delete_id(3)
[ 283237.305] {Default Queue} zwlr_layer_surface_v1#241.configure(33988, 1, 1)
[ 283237.316] {Default Queue}  -> zwlr_layer_surface_v1#241.ack_configure(33988)
[ 283237.537] {Default Queue}  -> zwlr_layer_surface_v1#241.set_size(304, 56)
[ 283237.553] {Default Queue}  -> wl_surface#240.commit()
[ 283237.739] {Default Queue} zwlr_layer_surface_v1#241.configure(33990, 304, 56)
[ 283237.772] {Default Queue}  -> zwlr_layer_surface_v1#241.ack_configure(33990)
[ 283238.445] {Default Queue}  -> wl_surface#240.set_buffer_scale(1)
[ 283238.472] {Default Queue}  -> wl_surface#240.attach(wl_buffer#16, 0, 0)
[ 283238.485] {Default Queue}  -> wl_surface#240.damage_buffer(0, 0, 304, 56)
[ 283238.497] {Default Queue}  -> wl_surface#240.frame(new id wl_callback#3)
[ 283238.507] {Default Queue}  -> wl_surface#240.commit()
[ 283239.513] {Default Queue} wl_surface#240.enter(wl_output#9)
[ 283246.952] {Display Queue} wl_display#1.delete_id(3)
[ 283246.982] {Default Queue} wl_callback#3.done(28836066)
[ 283250.218] {Default Queue} wl_buffer#14.release()
[ 283250.311] {Default Queue}  -> wl_buffer#14.destroy()
[ 283250.396] {Default Queue}  -> wl_shm#5.create_pool(new id wl_shm_pool#12, fd 26, 272384)
[ 283250.407] {Default Queue}  -> wl_shm_pool#12.create_buffer(new id wl_buffer#242, 0, 608, 112, 2432, 0)
[ 283250.418] {Default Queue}  -> wl_shm_pool#12.destroy()
[ 283251.097] {Default Queue}  -> wl_surface#240.set_buffer_scale(2)
[ 283251.130] {Default Queue}  -> wl_surface#240.attach(wl_buffer#242, 0, 0)
[ 283251.135] {Default Queue}  -> wl_surface#240.damage_buffer(0, 0, 608, 112)
[ 283251.140] {Default Queue}  -> wl_surface#240.frame(new id wl_callback#243)
[ 283251.143] {Default Queue}  -> wl_surface#240.commit()
[ 283251.473] {Display Queue} wl_display#1.delete_id(14)
[ 283251.498] {Display Queue} wl_display#1.delete_id(12)
[ 283251.505] {Default Queue} wl_buffer#16.release()
[ 283257.623] {Display Queue} wl_display#1.delete_id(243)
[ 283257.650] {Default Queue} wl_callback#243.done(28836078)
[ 283267.325] {Default Queue}  -> wl_buffer#16.destroy()
[ 283267.441] {Default Queue}  -> wl_shm#5.create_pool(new id wl_shm_pool#12, fd 26, 272384)
[ 283267.449] {Default Queue}  -> wl_shm_pool#12.create_buffer(new id wl_buffer#14, 0, 608, 112, 2432, 0)
[ 283267.453] {Default Queue}  -> wl_shm_pool#12.destroy()
[ 283268.096] {Default Queue}  -> wl_surface#240.set_buffer_scale(2)
[ 283268.112] {Default Queue}  -> wl_surface#240.attach(wl_buffer#14, 0, 0)
[ 283268.116] {Default Queue}  -> wl_surface#240.damage_buffer(0, 0, 608, 112)
[ 283268.119] {Default Queue}  -> wl_surface#240.frame(new id wl_callback#244)
[ 283268.123] {Default Queue}  -> wl_surface#240.commit()
[ 283268.495] {Display Queue} wl_display#1.delete_id(16)
[ 283268.511] {Display Queue} wl_display#1.delete_id(12)
[ 283268.527] {Default Queue} wl_buffer#242.release()
[ 283279.663] {Display Queue} wl_display#1.delete_id(244)
[ 283279.700] {Default Queue} wl_callback#244.done(28836100)
[ 283285.159] {Default Queue}  -> wl_surface#240.set_buffer_scale(2)
[ 283285.189] {Default Queue}  -> wl_surface#240.attach(wl_buffer#242, 0, 0)
[ 283285.195] {Default Queue}  -> wl_surface#240.damage_buffer(0, 0, 608, 112)
[ 283285.198] {Default Queue}  -> wl_surface#240.frame(new id wl_callback#12)
[ 283285.202] {Default Queue}  -> wl_surface#240.commit()
[ 283285.302] {Default Queue} wl_buffer#14.release()
[ 283290.657] {Display Queue} wl_display#1.delete_id(12)
[ 283290.692] {Default Queue} wl_callback#12.done(28836111)
[ 283302.242] {Default Queue}  -> wl_surface#240.set_buffer_scale(2)
[ 283302.288] {Default Queue}  -> wl_surface#240.attach(wl_buffer#14, 0, 0)
[ 283302.293] {Default Queue}  -> wl_surface#240.damage_buffer(0, 0, 608, 112)
[ 283302.297] {Default Queue}  -> wl_surface#240.frame(new id wl_callback#16)
[ 283302.300] {Default Queue}  -> wl_surface#240.commit()
[ 283307.933] {Default Queue} wl_buffer#242.release()
[ 283314.812] {Display Queue} wl_display#1.delete_id(16)
[ 283314.843] {Default Queue} wl_callback#16.done(28836133)
[ 283319.130] {Default Queue}  -> wl_surface#240.set_buffer_scale(2)
[ 283319.165] {Default Queue}  -> wl_surface#240.attach(wl_buffer#242, 0, 0)
[ 283319.169] {Default Queue}  -> wl_surface#240.damage_buffer(0, 0, 608, 112)
[ 283319.173] {Default Queue}  -> wl_surface#240.frame(new id wl_callback#245)
[ 283319.176] {Default Queue}  -> wl_surface#240.commit()
[ 283319.249] {Default Queue} wl_buffer#14.release()
[ 283330.020] {Display Queue} wl_display#1.delete_id(245)
[ 283330.045] {Default Queue} wl_callback#245.done(28836155)
[ 283336.087] {Default Queue}  -> wl_surface#240.set_buffer_scale(2)
[ 283336.120] {Default Queue}  -> wl_surface#240.attach(wl_buffer#14, 0, 0)
[ 283336.125] {Default Queue}  -> wl_surface#240.damage_buffer(0, 0, 608, 112)
[ 283336.128] {Default Queue}  -> wl_surface#240.frame(new id wl_callback#246)
[ 283336.132] {Default Queue}  -> wl_surface#240.commit()
[ 283336.220] {Default Queue} wl_buffer#242.release()
[ 283341.078] {Display Queue} wl_display#1.delete_id(246)
[ 283341.104] {Default Queue} wl_callback#246.done(28836166)
[ 283352.846] {Default Queue}  -> wl_surface#240.set_buffer_scale(2)
[ 283352.871] {Default Queue}  -> wl_surface#240.attach(wl_buffer#242, 0, 0)
[ 283352.875] {Default Queue}  -> wl_surface#240.damage_buffer(0, 0, 608, 112)
[ 283352.878] {Default Queue}  -> wl_surface#240.frame(new id wl_callback#247)
[ 283352.881] {Default Queue}  -> wl_surface#240.commit()
[ 283353.078] {Default Queue} wl_buffer#14.release()
[ 283363.028] {Display Queue} wl_display#1.delete_id(247)
[ 283363.080] {Default Queue} wl_callback#247.done(28836189)
[ 283369.608] {Default Queue}  -> wl_surface#240.set_buffer_scale(2)
[ 283369.639] {Default Queue}  -> wl_surface#240.attach(wl_buffer#14, 0, 0)
[ 283369.643] {Default Queue}  -> wl_surface#240.damage_buffer(0, 0, 608, 112)
[ 283369.647] {Default Queue}  -> wl_surface#240.frame(new id wl_callback#248)
[ 283369.650] {Default Queue}  -> wl_surface#240.commit()
[ 283369.706] {Default Queue} wl_buffer#242.release()
[ 283374.510] {Display Queue} wl_display#1.delete_id(248)
[ 283374.546] {Default Queue} wl_callback#248.done(28836200)
[ 283386.331] {Default Queue}  -> wl_surface#240.set_buffer_scale(2)
[ 283386.362] {Default Queue}  -> wl_surface#240.attach(wl_buffer#242, 0, 0)
[ 283386.367] {Default Queue}  -> wl_surface#240.damage_buffer(0, 0, 608, 112)
[ 283386.370] {Default Queue}  -> wl_surface#240.frame(new id wl_callback#249)
[ 283386.374] {Default Queue}  -> wl_surface#240.commit()
[ 283386.432] {Default Queue} wl_buffer#14.release()
[ 283397.238] {Display Queue} wl_display#1.delete_id(249)
[ 283397.274] {Default Queue} wl_callback#249.done(28836222)
[ 283402.910] {Default Queue}  -> wl_surface#240.set_buffer_scale(2)
[ 283402.933] {Default Queue}  -> wl_surface#240.attach(wl_buffer#14, 0, 0)
[ 283402.944] {Default Queue}  -> wl_surface#240.damage_buffer(0, 0, 608, 112)
[ 283402.955] {Default Queue}  -> wl_surface#240.frame(new id wl_callback#250)
[ 283402.958] {Default Queue}  -> wl_surface#240.commit()
[ 283403.098] {Default Queue} wl_buffer#242.release()
[ 283407.475] {Display Queue} wl_display#1.delete_id(250)
[ 283407.493] {Default Queue} wl_callback#250.done(28836233)
[ 283419.649] {Default Queue}  -> wl_surface#240.set_buffer_scale(2)
[ 283419.685] {Default Queue}  -> wl_surface#240.attach(wl_buffer#242, 0, 0)
[ 283419.689] {Default Queue}  -> wl_surface#240.damage_buffer(0, 0, 608, 112)
[ 283419.693] {Default Queue}  -> wl_surface#240.frame(new id wl_callback#251)
[ 283419.696] {Default Queue}  -> wl_surface#240.commit()
[ 283419.798] {Default Queue} wl_buffer#14.release()
[ 283430.060] {Display Queue} wl_display#1.delete_id(251)
[ 283430.088] {Default Queue} wl_callback#251.done(28836255)
[ 283926.811] {Default Queue}  -> wl_surface#240.set_buffer_scale(2)
[ 283926.839] {Default Queue}  -> wl_surface#240.attach(wl_buffer#14, 0, 0)
[ 283926.844] {Default Queue}  -> wl_surface#240.damage_buffer(0, 0, 608, 112)
[ 283926.849] {Default Queue}  -> wl_surface#240.frame(new id wl_callback#252)
[ 283926.854] {Default Queue}  -> wl_surface#240.commit()
[ 283926.953] {Default Queue} wl_buffer#242.release()
[ 283930.770] {Display Queue} wl_display#1.delete_id(252)
[ 283930.799] {Default Queue} wl_callback#252.done(28836755)
[ 283943.576] {Default Queue}  -> wl_surface#240.set_buffer_scale(2)
[ 283943.611] {Default Queue}  -> wl_surface#240.attach(wl_buffer#242, 0, 0)
[ 283943.615] {Default Queue}  -> wl_surface#240.damage_buffer(0, 0, 608, 112)
[ 283943.619] {Default Queue}  -> wl_surface#240.frame(new id wl_callback#253)
[ 283943.622] {Default Queue}  -> wl_surface#240.commit()
[ 283943.719] {Default Queue} wl_buffer#14.release()
[ 283953.359] {Display Queue} wl_display#1.delete_id(253)
[ 283953.383] {Default Queue} wl_callback#253.done(28836778)
[ 283960.354] {Default Queue}  -> wl_surface#240.set_buffer_scale(2)
[ 283960.378] {Default Queue}  -> wl_surface#240.attach(wl_buffer#14, 0, 0)
[ 283960.382] {Default Queue}  -> wl_surface#240.damage_buffer(0, 0, 608, 112)
[ 283960.386] {Default Queue}  -> wl_surface#240.frame(new id wl_callback#254)
[ 283960.389] {Default Queue}  -> wl_surface#240.commit()
[ 283960.480] {Default Queue} wl_buffer#242.release()
[ 283964.176] {Display Queue} wl_display#1.delete_id(254)
[ 283964.196] {Default Queue} wl_callback#254.done(28836789)
[ 283977.222] {Default Queue}  -> wl_surface#240.set_buffer_scale(2)
[ 283977.254] {Default Queue}  -> wl_surface#240.attach(wl_buffer#242, 0, 0)
[ 283977.260] {Default Queue}  -> wl_surface#240.damage_buffer(0, 0, 608, 112)
[ 283977.263] {Default Queue}  -> wl_surface#240.frame(new id wl_callback#255)
[ 283977.266] {Default Queue}  -> wl_surface#240.commit()
[ 283977.350] {Default Queue} wl_buffer#14.release()
[ 283986.593] {Display Queue} wl_display#1.delete_id(255)
[ 283986.620] {Default Queue} wl_callback#255.done(28836811)
[ 283993.995] {Default Queue}  -> wl_surface#240.set_buffer_scale(2)
[ 283994.024] {Default Queue}  -> wl_surface#240.attach(wl_buffer#14, 0, 0)
[ 283994.028] {Default Queue}  -> wl_surface#240.damage_buffer(0, 0, 608, 112)
[ 283994.032] {Default Queue}  -> wl_surface#240.frame(new id wl_callback#256)
[ 283994.035] {Default Queue}  -> wl_surface#240.commit()
[ 283994.141] {Default Queue} wl_buffer#242.release()
[ 283997.938] {Display Queue} wl_display#1.delete_id(256)
[ 283997.956] {Default Queue} wl_callback#256.done(28836822)
[ 284010.888] {Default Queue}  -> wl_surface#240.set_buffer_scale(2)
[ 284010.925] {Default Queue}  -> wl_surface#240.attach(wl_buffer#242, 0, 0)
[ 284010.929] {Default Queue}  -> wl_surface#240.damage_buffer(0, 0, 608, 112)
[ 284010.933] {Default Queue}  -> wl_surface#240.frame(new id wl_callback#257)
[ 284010.936] {Default Queue}  -> wl_surface#240.commit()
[ 284011.056] {Default Queue} wl_buffer#14.release()
[ 284019.924] {Display Queue} wl_display#1.delete_id(257)
[ 284019.954] {Default Queue} wl_callback#257.done(28836844)
[ 284027.717] {Default Queue}  -> wl_surface#240.set_buffer_scale(2)
[ 284027.745] {Default Queue}  -> wl_surface#240.attach(wl_buffer#14, 0, 0)
[ 284027.749] {Default Queue}  -> wl_surface#240.damage_buffer(0, 0, 608, 112)
[ 284027.753] {Default Queue}  -> wl_surface#240.frame(new id wl_callback#258)
[ 284027.756] {Default Queue}  -> wl_surface#240.commit()
[ 284027.839] {Default Queue} wl_buffer#242.release()
[ 284031.394] {Display Queue} wl_display#1.delete_id(258)
[ 284031.418] {Default Queue} wl_callback#258.done(28836855)
[ 284044.605] {Default Queue}  -> wl_surface#240.set_buffer_scale(2)
[ 284044.632] {Default Queue}  -> wl_surface#240.attach(wl_buffer#242, 0, 0)
[ 284044.636] {Default Queue}  -> wl_surface#240.damage_buffer(0, 0, 608, 112)
[ 284044.639] {Default Queue}  -> wl_surface#240.frame(new id wl_callback#259)
[ 284044.642] {Default Queue}  -> wl_surface#240.commit()
[ 284044.685] {Default Queue} wl_buffer#14.release()
[ 284053.294] {Display Queue} wl_display#1.delete_id(259)
[ 284053.327] {Default Queue} wl_callback#259.done(28836878)
[ 284061.581] {Default Queue}  -> wl_surface#240.set_buffer_scale(2)
[ 284061.610] {Default Queue}  -> wl_surface#240.attach(wl_buffer#14, 0, 0)
[ 284061.614] {Default Queue}  -> wl_surface#240.damage_buffer(0, 0, 608, 112)
[ 284061.618] {Default Queue}  -> wl_surface#240.frame(new id wl_callback#260)
[ 284061.621] {Default Queue}  -> wl_surface#240.commit()
[ 284061.745] {Default Queue} wl_buffer#242.release()
[ 284064.429] {Display Queue} wl_display#1.delete_id(260)
[ 284064.460] {Default Queue} wl_callback#260.done(28836889)
[ 284078.458] {Default Queue}  -> wl_surface#240.set_buffer_scale(2)
[ 284078.483] {Default Queue}  -> wl_surface#240.attach(wl_buffer#242, 0, 0)
[ 284078.488] {Default Queue}  -> wl_surface#240.damage_buffer(0, 0, 608, 112)
[ 284078.491] {Default Queue}  -> wl_surface#240.frame(new id wl_callback#261)
[ 284078.494] {Default Queue}  -> wl_surface#240.commit()
[ 284078.537] {Default Queue} wl_buffer#14.release()
[ 284086.614] {Display Queue} wl_display#1.delete_id(261)
[ 284086.630] {Default Queue} wl_callback#261.done(28836911)
[ 284095.219] {Default Queue}  -> wl_surface#240.set_buffer_scale(2)
[ 284095.242] {Default Queue}  -> wl_surface#240.attach(wl_buffer#14, 0, 0)
[ 284095.246] {Default Queue}  -> wl_surface#240.damage_buffer(0, 0, 608, 112)
[ 284095.249] {Default Queue}  -> wl_surface#240.frame(new id wl_callback#262)
[ 284095.252] {Default Queue}  -> wl_surface#240.commit()
[ 284095.364] {Default Queue} wl_buffer#242.release()
[ 284097.757] {Display Queue} wl_display#1.delete_id(262)
[ 284097.770] {Default Queue} wl_callback#262.done(28836922)
[ 284112.100] {Default Queue}  -> wl_surface#240.set_buffer_scale(2)
[ 284112.126] {Default Queue}  -> wl_surface#240.attach(wl_buffer#242, 0, 0)
[ 284112.130] {Default Queue}  -> wl_surface#240.damage_buffer(0, 0, 608, 112)
[ 284112.133] {Default Queue}  -> wl_surface#240.frame(new id wl_callback#263)
[ 284112.136] {Default Queue}  -> wl_surface#240.commit()
[ 284112.207] {Default Queue} wl_buffer#14.release()
[ 284119.766] {Display Queue} wl_display#1.delete_id(263)
[ 284119.785] {Default Queue} wl_callback#263.done(28836944)
[ 284128.910] {Default Queue}  -> wl_surface#240.set_buffer_scale(2)
[ 284128.941] {Default Queue}  -> wl_surface#240.attach(wl_buffer#14, 0, 0)
[ 284128.945] {Default Queue}  -> wl_surface#240.damage_buffer(0, 0, 608, 112)
[ 284128.949] {Default Queue}  -> wl_surface#240.frame(new id wl_callback#264)
[ 284128.953] {Default Queue}  -> wl_surface#240.commit()
[ 284129.085] {Default Queue} wl_buffer#242.release()
[ 284131.067] {Display Queue} wl_display#1.delete_id(264)
[ 284131.075] {Default Queue} wl_callback#264.done(28836955)
[ 284145.774] {Default Queue}  -> wl_surface#240.set_buffer_scale(2)
[ 284145.815] {Default Queue}  -> wl_surface#240.attach(wl_buffer#242, 0, 0)
[ 284145.819] {Default Queue}  -> wl_surface#240.damage_buffer(0, 0, 608, 112)
[ 284145.822] {Default Queue}  -> wl_surface#240.frame(new id wl_callback#265)
[ 284145.833] {Default Queue}  -> wl_surface#240.commit()
[ 284145.988] {Default Queue} wl_buffer#14.release()
[ 284153.200] {Display Queue} wl_display#1.delete_id(265)
[ 284153.227] {Default Queue} wl_callback#265.done(28836978)
[ 284162.611] {Default Queue}  -> wl_surface#240.set_buffer_scale(2)
[ 284162.639] {Default Queue}  -> wl_surface#240.attach(wl_buffer#14, 0, 0)
[ 284162.643] {Default Queue}  -> wl_surface#240.damage_buffer(0, 0, 608, 112)
[ 284162.647] {Default Queue}  -> wl_surface#240.frame(new id wl_callback#266)
[ 284162.650] {Default Queue}  -> wl_surface#240.commit()
[ 284162.731] {Default Queue} wl_buffer#242.release()
[ 284164.328] {Display Queue} wl_display#1.delete_id(266)
[ 284164.340] {Default Queue} wl_callback#266.done(28836989)
[ 284179.381] {Default Queue}  -> wl_surface#240.set_buffer_scale(2)
[ 284179.405] {Default Queue}  -> wl_surface#240.attach(wl_buffer#242, 0, 0)
[ 284179.409] {Default Queue}  -> wl_surface#240.damage_buffer(0, 0, 608, 112)
[ 284179.418] {Default Queue}  -> wl_surface#240.frame(new id wl_callback#267)
[ 284179.422] {Default Queue}  -> wl_surface#240.commit()
[ 284179.517] {Default Queue} wl_buffer#14.release()
[ 284186.542] {Display Queue} wl_display#1.delete_id(267)
[ 284186.566] {Default Queue} wl_callback#267.done(28837011)
[ 284196.315] {Default Queue}  -> wl_surface#240.set_buffer_scale(2)
[ 284196.342] {Default Queue}  -> wl_surface#240.attach(wl_buffer#14, 0, 0)
[ 284196.346] {Default Queue}  -> wl_surface#240.damage_buffer(0, 0, 608, 112)
[ 284196.349] {Default Queue}  -> wl_surface#240.frame(new id wl_callback#268)
[ 284196.352] {Default Queue}  -> wl_surface#240.commit()
[ 284196.411] {Default Queue} wl_buffer#242.release()
[ 284198.036] {Display Queue} wl_display#1.delete_id(268)
[ 284198.052] {Default Queue} wl_callback#268.done(28837022)
[ 284213.571] {Default Queue}  -> wl_surface#240.set_buffer_scale(2)
[ 284213.609] {Default Queue}  -> wl_surface#240.attach(wl_buffer#242, 0, 0)
[ 284213.614] {Default Queue}  -> wl_surface#240.damage_buffer(0, 0, 608, 112)
[ 284213.619] {Default Queue}  -> wl_surface#240.frame(new id wl_callback#269)
[ 284213.624] {Default Queue}  -> wl_surface#240.commit()
[ 284213.730] {Default Queue} wl_buffer#14.release()
